"Wheat","Oats","Barley","Flax","Canola"
186.74353474732,235.362098308739,236.947106322502,293.276842777835,352.889051359467
242.551246217439,223.790943780378,190.707276393302,332.198310230928,443.513153198227
241.306800602654,252.184126751842,215.885806546208,288.176812032067,464.223730826312
243.510484659041,226.50108962072,189.185906366908,320.750428382553,393.748914727887
228.512551641253,246.658359738541,200.317780731722,294.70749375287,424.396879778464
196.798577998791,260.391368961178,203.579841456237,365.238923113326,401.638412049844
263.117492423458,243.103590869698,172.259026382368,356.681781266754,403.103174227827
192.484280983237,230.808258905265,187.199522358843,321.270207433123,399.61866066085
229.971330002648,238.859029961664,270.238905662872,309.60741750878,401.822719500907
203.734926096405,244.682614450415,222.205632087748,303.170733046558,358.017754142219
205.91549114969,204.925705603809,207.004205656606,327.925025172125,350.792782725897
221.366620733141,222.961196664262,263.39978147678,297.179654179048,430.703814834666
211.705632336867,209.020395843996,208.710933309573,332.713775510765,351.046114528367
222.876658224275,250.759977153716,150.078166372381,310.595430773753,420.62220449374
201.695535663419,238.448862090366,150.480066663275,385.772084306444,396.170251083104
220.091295549588,229.520182455483,182.278865343451,369.957261958969,450.320345971168
211.91116645903,290.716167362851,226.689763402116,293.5424879752,390.538736239715
240.823058148698,240.814771549173,196.593083391099,299.64352448615,415.407304217286
204.175786791584,241.438493142255,228.743788289408,357.442529304457,371.292532771943
275.035924557781,280.021483865651,223.072098006475,313.882663191172,389.635269426875
260.204269110445,260.083952478245,268.308526755263,285.989635767468,419.725635420547
212.813203041053,287.739214996755,231.701424482794,318.140228978742,413.248395371787
225.466691762976,279.398746604363,193.027469087591,353.163371232344,408.9976153408
237.88243011246,257.876873524006,269.143653872029,332.814232886591,458.944687517092
199.390747793112,268.545330438915,214.39067064791,299.231784643086,404.128809921447
178.456489777961,257.14031207767,164.939569490561,320.357498125962,413.792019054425
242.152082932572,237.870730666804,218.808974413963,336.490607627662,440.448407992259
252.134830359277,284.455528930198,228.58414072426,282.513298459741,361.185840449711
221.927976723046,312.552804216602,225.548989294001,360.31816912185,362.598327772547
202.546780854727,262.334729880122,207.462593799442,299.579300712443,401.658521488806
200.723228956433,293.515827920225,201.908441562789,254.939502509339,399.223706539445
187.727742149263,285.173841196753,172.703437383705,320.149051294946,390.766207646606
209.445248414607,259.240751849245,179.757299315673,276.564848934508,375.97816166156
244.077435756259,230.13640676888,215.748904230882,311.351642991768,409.374660393748
222.783506972202,295.530041549392,202.705942510592,296.906350604109,459.18372607723
242.930775769738,275.888870704501,230.93533073832,257.552484973847,385.781822710468
224.436006168312,310.015678763565,203.435337193107,272.837784528009,427.36661374631
214.408525884191,292.274059597146,228.000584884319,289.651451820584,468.088109565089
196.935290370651,295.481772676333,209.289627850244,325.753129267329,479.057598989795
233.484542463808,262.419958516332,201.614624299655,291.556316330794,464.516266908583
208.325167152584,280.986928907266,228.373688603916,257.751910523933,483.770501355862
243.564032718642,302.490408664735,198.884820636724,294.208714166291,471.900933546143
181.564082291852,268.092006833531,220.515686294011,284.964689657222,442.833147789282
252.788181387575,309.855327958534,217.048705087308,288.21512957397,393.592209998384
253.445740456176,261.525620139989,226.797303013517,316.087197454888,420.785060360522
212.572495856125,245.71744001037,210.882764883084,293.44319775975,351.712782626236
247.820521250575,283.969045695206,243.343654151056,292.219051224359,443.204071318578
218.358986429863,288.354370991725,208.636407426037,261.610349975698,444.748443618186
233.235165232065,263.584157630226,210.382368977961,299.312508767303,413.274806487786
217.198110127549,296.499455908127,198.901313032426,335.425022505579,345.999239802574
232.725524830531,275.423868595467,197.48736813409,303.801401123425,312.070671411338
243.007735954278,243.563390325877,228.892639899615,300.885393740755,488.364957527855
185.716927995067,250.253714304692,212.429430047875,267.659997320435,409.849247054046
217.066482049062,267.126829258566,226.353063210618,306.379189843523,430.804305385989
167.826118294586,282.234419374327,269.938061815668,318.881944801181,438.603577335948
189.434977545989,301.167990044605,187.956363577298,340.329112920661,464.851269641006
183.30958470427,295.320131024884,194.806388443575,325.210863210841,475.27009546059
241.025830520228,286.395635435034,191.949186955571,299.233454562882,479.081063386895
226.351325250945,245.270838821531,212.27741725407,306.595530194907,404.426760581309
195.782125418702,275.74146789317,237.108099403746,316.110827600287,465.272858922069
187.540784174318,257.675594369958,222.895741192775,288.380803461044,458.315051481616
208.834647576404,237.889446584864,201.573539898815,247.78048799692,461.905753831663
187.97492747627,255.297048656644,209.065243998913,279.937184243149,384.724789478687
212.768272183805,256.954966341733,228.575088569113,251.086949173432,435.353241399085
219.540438493202,322.295199170019,125.505042332257,300.740058496589,501.199414206902
224.672259945703,265.23330457044,172.852435845288,322.889863062714,417.497911222865
194.480865328479,246.919671479748,205.163922394313,260.223582339318,536.943385765234
195.593147401684,286.068445713195,201.733827947653,296.730828101234,516.006559008761
261.489690426089,262.328411088335,173.238284900121,353.769250328404,401.543868335828
213.906096995598,250.247248621025,184.444095755695,291.495395761483,489.297348486305
188.046910246367,255.916688890581,208.818974170574,253.908886849257,451.102159338508
249.65349390457,232.777293182506,220.101346968622,234.966713204153,417.15519113592
243.458524032596,237.635528889977,192.875812216217,259.830681642939,396.080956762058
247.163794097093,252.64061766778,196.160128665651,292.317304857204,316.9022105568
190.590636421644,219.208348914415,281.668895553091,259.08406892274,347.29533722132
219.532077899433,250.886967000699,235.663253644805,292.816970809326,471.435781600769
213.379353098126,260.003093735457,213.187342423874,278.667871989104,531.477038097051
203.818456766447,221.815454046549,234.844559660233,255.906022791804,436.402530315457
248.822244673747,224.433976375137,205.049209678709,222.805060958001,604.296855743561
260.661288087163,294.982233085721,212.825560433222,276.439837600909,594.092029586654
285.378946525156,242.987677398696,199.075869650267,283.599097772242,385.092802322595
266.468421406894,244.580569663568,214.877742806474,261.019287787884,523.909030034382
222.843570404864,239.907274542218,217.491983203753,233.63488918533,506.198132653585
211.46570642929,256.317967092999,189.178355340522,256.319996250574,380.165419196924
276.743539773918,262.329420220066,162.06681530724,270.610541923225,532.688688777612
232.83226405626,232.230138304215,211.069560454437,270.682480686966,500.084162141838
231.608978245076,245.279679778999,212.35922506344,245.794019249708,619.097939662003
255.055516352969,254.841743693258,231.592599369647,269.859583952196,460.529291277032
259.925676342149,239.752324426685,223.405473424255,271.330385619603,545.14707180205
258.67740276852,234.073438206822,183.469176873522,251.356810505483,600.720415720873
240.780285817342,272.049105747349,165.515505165955,276.055363051739,502.201611159265
259.352734684304,233.452612195047,218.108854846632,252.883818192249,541.558882375064
236.726158985514,270.393646122337,193.525857059257,281.470429078378,463.44007315244
224.831110333053,212.945911640245,183.701091155442,292.69148175956,374.002278367865
250.220786400699,203.86739103639,186.635021684928,252.530091779956,545.653487257425
295.780755601313,271.114728620111,183.498990589673,317.604667736728,558.034746177874
231.541888692209,218.468026932869,200.458719838537,269.598678727618,402.816725520081
253.043571250677,220.210727918646,161.354276642464,255.999467750866,422.952790609008
231.36948829289,240.015240214298,187.501038217745,283.081758755598,531.039072198001
207.749774216776,264.326797578708,200.964028673944,220.169468134379,395.187666237898
233.217419728817,240.199829602652,184.983817989244,277.834742667443,451.452489112198
249.054726131564,244.597214231798,196.521161399691,262.284125489448,492.316785435746
249.5806710211,234.409141476858,190.780977514478,291.086575117382,545.781005905758
236.502198171978,239.641156458874,164.544389278074,276.726169478136,407.492687048286
261.606149613486,235.930415299333,198.792540913967,282.49300695782,523.358185734584
264.665898725969,261.617066807442,165.953027355065,285.790414126634,470.052094165957
225.221483532072,241.502542958019,191.295478716242,252.589816337213,527.505472019001
272.706429064557,249.820453842599,160.679076037859,279.252437841031,526.731091769674
217.316307418977,250.96455667484,159.914828532045,206.741635176655,461.502252037925
264.034842613992,266.223730833369,201.77843870158,266.787280980363,622.489635391759
263.845000938509,242.365116595639,207.841331742025,285.368133442048,525.285372494649
245.849775268436,216.618535004711,191.763631785069,258.293434871433,473.773730447849
231.246831766436,249.585687108387,190.591659927175,258.971178112915,384.446738966919
234.502597707351,187.677546523475,204.507091112975,238.359231297176,499.797568019413
228.592680931441,226.979439276679,217.878800377911,325.052545656018,553.019706910972
218.6275037759,206.074854746383,210.652878816747,326.517772112638,459.565536078096
243.811185877513,257.135162230476,214.811548600348,251.325157274737,594.399801917886
240.210804976225,232.86495759793,208.328476959604,284.333116203867,501.127730720496
199.479500587406,237.218360622829,203.044715154995,251.654009491543,339.601683952592
227.325605170085,227.312674368623,197.413756662505,240.005787254218,486.042285152675
278.567706227039,242.751239202125,187.170176623145,244.529700026434,558.538705379273
237.838078804988,268.993716196483,158.666608921731,236.325503932958,403.339912620679
268.996475064308,233.716454297157,237.970658478934,269.424336956452,482.626453779923
240.491422985759,178.405943303982,192.390903767203,240.021938590674,456.01266429555
300.979824311968,233.202289037516,201.534030288558,222.036269497393,596.120743766933
222.893918481329,241.507368540081,205.419147187872,263.30232795092,460.930166375715
307.083596488113,239.187207971436,210.298930107845,303.763730674668,533.569504571335
235.326406869134,197.15433863244,198.648422219954,282.994382552533,440.383884446393
215.868235182091,223.807726831552,194.215578592598,244.468675899286,387.088146966216
227.122069109123,228.008714698545,199.819055514924,236.801070517851,476.576794683418
214.842954469819,242.074465739082,218.940218498093,272.586660790389,456.33129355586
264.854419943766,225.896460817328,203.823489385323,246.78967522279,489.256759454339
220.028508132843,272.011593994414,211.697871241748,250.634945139296,427.954994554697
221.805511213744,210.219356992362,236.270576170687,240.358888128716,437.104937099488
223.412875540796,260.058452708483,147.375522432315,225.94730172873,455.556163705391
225.781636748385,261.583352289728,237.809283884789,214.244124110178,401.854775915528
260.138433300517,250.808489295273,245.096799337401,243.945860497522,463.066909394886
303.575845967439,238.894010300186,237.913064186792,286.271473273159,414.38000600466
262.390322177026,209.427788433955,210.693390699182,248.393955445652,329.487642069425
231.677684419471,206.571985932583,186.147795856936,232.220551583889,462.474774416457
212.190696504899,219.850330691661,228.71965048074,237.378865464818,433.763774065811
245.584806205968,230.207123722297,186.155319369163,260.212386704566,481.382711223232
248.216206349615,269.384718835073,214.01521685233,221.521833537286,404.184799866468
303.68092985316,252.396530361222,206.339939514194,269.199557729572,381.497613889866
248.948023206846,279.062219934703,215.064848095337,229.092303554427,340.11015168905
294.237131622694,239.58401881597,204.856234658502,240.244245709484,441.560630328197
254.910259772562,220.100783246914,228.787866624075,229.314857813989,482.191925447551
264.26596479996,247.678354733016,225.77212373873,281.248133831845,424.719855001062
302.117535814658,237.20274863114,201.354529223353,226.195994837032,475.2669351761
308.572419957246,250.309256243669,226.137453360301,202.256811930369,399.106195561934
265.17895744372,251.20660769073,247.485864195542,250.079397972463,442.218548108291
318.880784294055,251.742247928641,224.147438392333,242.144652381321,433.728782548927
281.736225645031,258.825901745344,231.796251282168,223.070657855017,395.968007726471
299.299402779761,266.150063422256,214.674502119013,248.606583845146,380.344829652043
268.817426664374,265.109401024756,216.618375205932,199.322479448958,482.627916482955
311.527960641777,269.077991222483,237.323440156073,238.673877304973,543.755393624873
315.492977860679,249.874091541145,174.502382573021,243.893205916949,465.72172410458
299.904735968029,223.441854351231,199.351803029177,276.049288202578,472.94157920541
297.437017667258,271.187741851354,205.507088278976,242.357131064656,461.818414256569
280.153970511189,260.29177492373,188.443674251184,251.598223530859,421.729588057191
250.431799033979,264.030965990668,228.009538862802,268.193038523253,413.242414618182
271.474375525266,237.265295283162,234.296695941099,243.111920932152,487.291808336156
236.323363192664,220.262080951263,200.935015416202,246.016702936584,432.820501407684
293.179086861163,264.232842796433,227.956812372479,256.6876984614,505.914020219054
238.523539505026,284.425443163258,243.624852091686,276.127561980066,453.407840959752
241.883393853364,249.472305543527,216.041478958658,264.671344348595,483.373287767209
249.67649613116,252.364350420285,242.038373217765,221.044455516934,444.439852916422
295.222597564089,253.931368549022,275.631491441256,235.452914198039,474.020964379363
303.853219482566,230.140930759458,213.257757497298,247.466077457509,461.079832448383
236.041649059274,244.757005739258,219.069731623174,197.21303780265,370.07276996926
289.129484501144,245.690216849807,231.187872686075,287.578768131778,411.80967148968
303.992379958176,289.376140546166,220.485683682309,262.738654127737,453.083807792591
294.129418882626,243.66171952192,165.577788716029,235.056995159794,406.453388501503
231.388992515354,288.127715203733,241.963899857608,265.221437991683,406.897897767359
292.135737780267,255.514255089201,230.276949671159,257.059804279117,475.567329068009
299.369535064973,253.438762336382,228.9471884866,248.876881938697,439.382184694839
297.317052676947,250.041960844813,266.393702029836,226.947513317614,357.571567508976
312.98972987624,228.524092114529,224.395870750989,272.698467078261,520.643631359755
317.798429440684,253.73714171009,219.733706212462,220.809011093407,441.842256946341
314.201216656501,280.216117666178,261.363081011234,225.597608904774,507.645437779065
259.499114265299,238.746115010279,228.687545346842,232.602749568509,383.597591413611
344.073798196747,205.971848034711,213.578433629487,284.335134935062,469.976135951982
244.678566100887,270.496491438912,247.195253836579,275.318263733051,479.172887818003
361.268705084739,248.823040835625,192.236627704215,259.81159567073,488.411632312613
308.485519573741,263.410084372923,251.288079274088,288.302361751304,571.381696673055
309.311551863543,235.776206210356,286.087817388739,280.135083761184,498.361510428753
325.098908049749,226.241706404599,236.751234191036,281.937049221585,513.744756635035
321.916158949398,225.52132478811,269.148380436881,313.645551017188,376.019799441877
327.200236090292,236.771159191557,155.020339810816,255.313527971249,466.411467687967
252.248750838136,226.038730950151,210.148307283011,271.987452059216,478.047040166249
311.010121980698,256.326351738943,237.643645472177,267.423403135236,547.685232207782
326.714340070964,241.432925320137,163.886450411648,296.019277527733,513.084258207737
325.68548580281,258.88013062002,219.595178263143,295.214081737877,444.079588299947
306.252989671235,300.228923138291,201.134159500363,268.692804890536,483.287618872274
290.89002061844,241.736151219899,208.011799103235,317.726378774558,508.480232080386
309.639659877087,228.719979126549,209.786274816358,260.583283890991,420.552927154515
317.84054693749,270.187476154122,225.774630108811,253.001156060965,437.910828440609
283.278777192986,274.068003360775,248.59698385582,235.740734231725,486.256370705465
304.488208071542,219.655923640673,262.936561091732,252.536648962457,515.966592521475
286.914246176846,266.074736823735,266.273770463476,293.061620826139,448.149180189069
298.760030874755,257.097547329063,207.526172906965,329.762454909845,435.471706817462
286.185936397298,298.637668738519,169.812871939947,324.832334179482,565.527288275966
294.511927526313,248.846281170539,270.211680679933,292.470017891768,538.104982745801
319.97672846858,267.947168191487,228.851008420375,297.906399869308,489.542428972549
266.502838936858,275.685345828975,244.186349098424,293.576513140444,464.653545022841
280.613604310001,256.931552799588,193.804860349313,253.048914534556,488.412735360815
262.13263744859,288.578903597443,221.210342647442,279.998404978901,625.343753899537
305.16309768447,278.151778635314,266.662553979832,303.20908187493,571.325061901179
254.044084874597,276.712812228899,220.187000475041,307.751355053207,488.665163666136
218.961480434606,274.660752339769,216.654903177884,279.52154330171,461.390379004969
269.263010644308,241.219949106937,245.795832769465,306.858185136426,461.950832807259
284.139182566173,263.182919093287,224.542192073687,277.089134147532,522.324485261521
271.630065195675,302.611834364394,225.730959176576,298.305938277293,493.449053095819
263.870922807695,285.302278010641,227.085285825525,275.138025516925,437.842516339464
260.444503839854,311.726234476919,193.125437278672,303.837406430138,465.287904191603
292.433833957739,289.113779638951,217.770627021593,281.365981677794,456.11620096783
276.422630686896,248.615016103168,250.311797487439,312.854271649925,488.113906493885
232.67807353223,272.883304227824,175.612176347492,266.809978802551,518.289283699471
257.967920607153,276.230276037795,211.791461306969,227.93516566924,528.185877730065
258.155146924733,299.322856798441,256.805387260126,234.818399922352,469.245268635416
281.564702969136,312.494184325027,195.429814867952,264.704750383931,488.868064561766
244.592202105005,264.501472416335,193.682451790957,234.785436134446,489.331870503668
273.969051481988,285.882939527597,222.797732044695,305.081943701678,440.184029422767
251.796836160984,283.103149726662,235.889308303792,228.488232252742,469.74251867356
276.84827500759,288.196443222635,225.364728712336,257.994045150251,495.974759640483
305.017539579176,268.512503145946,158.940331731064,229.263138907015,517.101285343104
327.375063710374,297.917192825677,177.639393480522,254.638484871883,550.010575736888
287.401806260496,289.296913987708,249.194066618865,287.296288291325,441.043286832814
272.874462237879,264.567882685015,207.705685099221,272.694249599025,398.930193747527
287.466936867128,252.712869630527,253.165221751976,259.462080974487,498.855892036347
279.043363675648,310.163342162612,190.661096240252,268.219755481671,535.052454184474
294.153057993313,276.918460129628,209.694875866731,223.901310532328,381.112499994434
287.753592727017,269.597849496527,229.592688082035,262.071931734841,486.331666101313
281.356278091774,261.447588785156,234.236533269845,261.075573531674,420.790781969549
348.356017027876,263.04569943632,232.18450847954,238.584600379298,542.907497065676
338.323047292087,267.973500958363,187.593551108318,299.880229928602,511.136807892456
284.787533846715,311.966156554982,206.954150542227,266.458482373734,414.614031953702
260.849610522506,234.446896232176,237.34920257126,308.798575697576,505.147837782861
259.908597526371,263.981758698513,200.891992889238,286.873500163359,521.03366923274
284.697697105868,292.622804628994,170.996150852081,318.970662371036,477.227750718738
262.150791784287,279.393147069795,222.291295516712,266.521837747094,436.307216637182
284.497120420177,299.611314197888,167.66155496726,271.527051042545,455.824110456572
311.891543313784,245.749173201913,242.215501493859,275.288607639535,376.702477422098
284.404595105962,282.014615285965,181.48053319462,270.915043677581,485.816456321831
280.51291037016,320.271860827248,221.354225290645,239.327865581039,399.190408397604
342.358571481838,300.374611850408,214.057384550409,247.111754332566,432.660047910137
319.507896652397,278.923591439777,169.536555973131,275.512312222652,485.064199275863
357.771823166632,283.748445118567,218.696738165881,242.620565609708,474.173471494001
304.127601129643,258.640314447978,222.570692529284,297.878874948953,510.599613312604
287.153450896828,290.806258834422,220.038010774123,274.930266899509,457.628575928446
325.136854663767,290.643641176941,181.853415815552,285.099332826816,464.450373198803
314.373469238453,277.287541898798,194.357823750676,337.586264574855,490.835395148287
297.061147889522,262.168240685984,225.502845782272,270.569625937642,550.298181640876
310.529321236744,274.330798034203,274.052399174775,325.344328569723,558.163553595639
359.940489327918,274.575002453707,221.175538126489,254.963635345912,526.722493677172
323.66919985882,323.137195768479,166.085623988275,282.343019907999,532.787972736153
324.43617345502,281.539833694328,252.756502996418,304.304355672568,535.626214225116
346.050573650328,288.870784100984,253.668902832989,246.444278868133,515.736617093588
349.464532106063,309.5396657423,190.968197844259,291.29994003963,454.924771138926
353.809104480393,303.930522966041,232.376774017769,306.460341889157,426.358783132124
295.417680272647,277.062420500678,276.058162049516,326.81306960943,499.51658196109
342.969434438399,300.121758145509,222.349579147208,285.077971114357,461.318037630011
330.835755423405,265.485267864381,232.918045510924,312.991531550783,460.658905249269
299.503192996178,311.626562176862,232.633015108375,301.636391305523,409.818720443505
310.174139164864,277.54304289336,268.540042564031,357.746440395715,452.081446918132
307.093651380246,306.423564873538,181.21094262327,270.406419589385,548.186080314494
272.078515391624,309.704772799765,286.97290873698,333.72146240357,392.912335199172
303.155283887156,304.815194603306,235.191571983793,326.83864599688,471.068271455845
244.509691929165,351.746788115366,282.188922748881,327.125136946239,455.743982501486
309.298030017609,316.437364205359,283.575523371706,364.872937473548,475.902678486739
329.160868354291,307.868162320469,244.96803731086,334.498109494944,425.672661417968
330.493768954747,336.331193099445,317.165038319205,324.746108665735,463.566439106762
317.530364322506,314.808063935032,267.878896544706,270.13557657281,543.835678605204
306.992086966951,344.152512595314,263.704668316923,274.22966665602,519.389303138344
297.460125941778,265.391276120687,332.518328270953,278.472748130153,390.306896451688
256.766688101691,293.036921851654,274.80067762705,294.311379676741,483.722508203055
320.223437014402,294.247038324633,307.863080944251,299.52437078601,441.592433340113
285.242022342718,281.478318927988,268.937949313576,249.620308382844,586.714600629129
271.052287786187,303.252266366463,237.723741606989,276.183187112335,491.738640322589
274.476159921567,297.706231514593,283.474504184372,246.83601307006,548.516363924359
283.187171875575,298.257020193528,262.55611956271,269.202021102446,380.352774440503
298.385337123445,267.819915754463,259.695109937204,235.60859087071,476.644465702606
353.283913101066,320.941153911959,272.723294408347,278.980644083264,462.754021101301
304.418174134733,282.658175714049,250.840624361521,307.936382326256,357.047063549983
291.022657266165,292.445294139669,213.344156425369,309.891069120002,428.09836526055
278.089076421914,325.762737021139,281.985895424343,237.905034115881,433.673463126797
284.980535129145,324.405197409897,217.290501629673,276.295200150798,484.297321672093
284.009983159543,306.870747115786,281.794117171539,259.691275283296,530.308703802559
302.570776029532,303.109618111576,242.186505945285,296.58174924589,464.890583754155
290.72261156764,349.786491158019,243.541259127026,247.101409419137,426.515629837207
237.764984769061,418.310522295275,204.531095666197,305.409158227483,486.34945119491
285.963883940055,311.426410491379,321.396500953003,312.314699221869,432.424373344136
294.564085773526,332.296104011816,245.455639703677,281.672150384939,487.375181048123
329.565590493757,374.712995849851,278.595632501934,268.896097035196,518.142429186938
274.543833671551,341.827467990527,259.1243599328,245.515966050336,439.050357158565
262.80682555511,360.09605633583,226.75976494987,251.956631241184,437.808967574488
289.338394089321,321.592595355944,312.924954896976,277.814443916751,389.247060028271
270.937272453812,303.335378958669,325.15405826225,316.715319110127,405.135129988605
342.802502918389,281.52058651013,289.438253941554,291.683294706185,490.711446465066
270.021099949197,334.938184842133,315.977384039729,284.721390547748,411.64048989749
283.846710492558,325.963222454283,274.728643103734,348.026804318063,435.064538690744
313.89394908825,297.732455645871,317.540786433122,310.522163788244,507.313804438646
287.337532364917,337.627185301144,300.266189753471,238.748516892181,359.930494958512
285.516152116853,329.72562957575,256.495362932658,271.600660053093,413.461974845566
315.837722152037,334.510090055017,276.01746354125,294.680302872179,512.418090977945
297.377670488673,367.74437834406,307.799152388142,253.76850788291,596.105807437733
335.906545053161,327.410451546304,328.054176063505,273.858684176994,473.041004435119
271.893691218247,320.033730461307,306.797811615562,290.494106385695,481.076763654852
324.616373389742,350.602182856919,283.101552706679,281.398239975072,488.562691797242
309.973706443172,339.112818242205,288.257573535594,302.73897220149,552.06363838197
292.395203407782,306.385230442446,337.207970378914,354.176173289699,539.911816024958
309.409441625889,358.765666379777,359.979846135782,323.419769522508,476.630596471679
239.310415163363,323.99830700033,290.721503379633,284.070498488536,461.371919759012
310.211621032678,316.141735933352,227.845256057704,284.660213782268,587.600210806094
298.683203638474,368.878970497242,229.519472848379,309.818169528262,478.608007851329
331.6671087462,392.237621558205,335.134562862114,261.511943411596,435.798068050928
260.562789306156,340.041349104058,346.90242950071,251.640606622588,496.995821161175
288.792535127654,292.879875197938,221.833153785461,235.040361855973,545.342339648014
299.277909010759,342.727600905848,318.038764660518,306.385679852733,517.506705421261
299.213620638532,331.596327714156,333.78622516716,256.934188826517,506.09519870233
284.612486710557,271.283498959975,225.983829373922,251.9320391442,502.424218419437
295.939612022392,341.558131378049,271.010563155568,287.397480803472,478.087368404313
302.846585117244,296.06403635248,266.179802996194,298.359305491221,441.29835496933
302.839979187501,322.776510691662,240.48346202256,234.589648779498,518.361853798653
254.558589512995,336.762132687318,317.568908195841,223.162030404418,437.015710343059
216.794052637418,306.87828590305,218.239547554905,257.862520407708,566.8200093649
268.360740727697,304.056679043274,278.069506138357,244.258643979224,353.315397686022
300.681742116052,251.156627452769,244.495042713983,282.980507698287,443.759564314828
300.29293300482,319.51653747737,391.227536600604,250.001413374887,448.29607368675
252.549006600389,313.965557756626,278.623666217292,224.71245836321,428.496633656478
246.226727135291,318.779357854597,280.345908234931,272.060887380345,479.525970384698
319.302336526765,278.372159315976,287.44356570605,238.242755673043,573.510877344459
302.91635779121,284.693887840199,257.946074449655,255.050842871585,512.387040400812
316.166875624185,273.389287652374,261.153187678736,242.530898875343,432.981195858272
310.191647461033,301.229058135663,321.233325725323,235.216709407446,514.896526818338
294.510882443731,292.139677261212,279.387785705822,290.736082311605,478.303191853976
292.123052133508,268.831868377472,322.921810993744,235.851601876203,448.257945299302
338.310738312532,313.404746738411,250.835750784934,263.477459132478,465.287095766943
323.22437466009,290.476294207356,310.078772191145,294.172271720324,524.952542140907
264.841291956886,296.533124663577,334.035663741616,284.308164142221,467.639437906995
251.989378996659,273.354943775628,355.39804212414,230.828221940309,434.571645230766
314.460132600522,315.338093504624,320.798048298859,200.812854897754,351.508872684289
272.296400094371,275.214001802595,303.057222759249,261.126845140024,462.775319290999
256.206681457446,259.248880808177,317.16877979764,264.296930192657,527.80651518336
293.440813548785,310.417691199061,287.673596132557,301.347468887259,516.931863853421
281.065461331272,278.026679158116,365.580792523334,285.510507999363,456.460020013303
311.492458514018,263.747875547186,331.201234256406,276.184131374902,493.150231745097
288.788845890152,283.016855498951,270.493772007657,288.343336948661,435.877088252725
256.249828392541,279.804248774585,274.619635895659,271.279391155878,503.410446313986
300.319013068989,255.618180457336,252.803964538514,253.814587929289,353.577320298359
290.096700012601,304.857469792213,237.179306781389,275.364047893627,486.036419404019
346.181999084063,263.716647262708,284.614201919648,269.215387169183,358.745820424124
303.181083422769,250.349794123367,285.655391213252,249.446985638809,508.832248148852
311.073840358931,281.988120182569,311.691859636856,218.737973225635,515.026890914705
258.361087757967,232.148955599514,339.458107162659,226.22438262406,426.875369746374
287.422413440981,290.223317821895,311.073002401235,271.884693105115,439.487098100517
280.848969984523,275.532528611777,342.159424279203,275.998884733246,510.000032287415
302.143851461704,295.408684662008,255.274192510832,251.350258612112,451.054280441243
288.71145190586,270.434837362442,314.279521654697,235.756781764978,426.070228366469
291.51316197807,264.898557440445,344.149193259536,263.906139960495,472.510595246718
236.856671192865,323.018834831826,236.947927130288,270.124127951284,502.102709412107
288.59794618044,262.432106993312,269.371189824615,277.775858044586,420.668249271941
293.19849345094,295.189473850317,260.702063704341,243.762302165756,500.054677755968
335.370823901772,221.468274657247,282.869000484452,301.513042233444,429.427121838695
308.685239043545,253.267822471287,277.023130333467,280.68916799806,513.243707709899
296.293529847123,276.03320255896,285.690690615562,287.649978763194,388.453950256636
287.390982836354,253.787389926287,347.568872984534,234.622637548361,530.641846984629
263.892004549111,258.273957299515,277.295337677726,328.151632930109,471.041092126737
273.792735143259,262.98279201891,256.971168072438,262.908811408439,555.26093062207
337.935842065772,297.330398155687,339.890700899535,262.166008007712,437.06858410829
319.340459472617,287.919387060008,410.596084481103,237.877810241626,453.112451955216
317.070160566376,313.017892385154,292.092929724146,274.540913613863,489.496399327682
322.645573468945,246.011759280707,303.406237094229,221.671429370396,400.119397431983
270.745356191577,281.041709498455,299.361662449894,273.565804449056,526.996019008852
318.084323542665,257.268550748638,270.193224117404,250.270511760981,441.774698320848
298.842201709231,268.035424898776,305.523744524071,246.768359186795,424.136872964209
297.414886501738,240.316543286134,275.178928572941,276.236386339195,433.467371096325
262.6598603379,259.352962039489,318.107928875612,232.998900464235,541.776266325953
264.029369949907,248.005083540438,295.135277655039,254.862285523314,500.687838520598
296.103869686988,264.482372395298,374.404217825735,271.093845934945,508.549770942571
303.458971684212,233.141414878811,327.87471205984,233.151920767195,541.116809709804
282.828409772903,283.380919238217,332.553089504446,257.812003526098,603.287347203818
287.88815691988,266.932332911973,336.175260651677,245.320762815608,457.066684101601
301.443135831826,251.89100492664,336.628227657708,236.270667343463,579.858193022228
248.615310113524,304.704762068902,367.596326045786,248.093562740487,524.718274384049
282.691854758069,282.417523301438,228.13410176201,251.225995568312,457.55660967108
266.893085637501,278.898427699926,237.598916624111,259.013118157956,540.268058228648
251.449541995928,250.383673221318,286.375332678834,272.274788267942,529.977831941542
292.620138924609,285.101993026554,293.866647439491,237.009445010002,490.81426471427
342.233390705735,301.815967945449,309.840658098341,226.650992589811,406.4351810377
284.521974462656,311.337760874726,293.94822318995,236.408281760631,553.21284967681
294.908223752877,319.126662960794,319.145451558164,255.699862698571,570.297252187416
253.345799889654,311.36024330862,280.346640876685,228.099475938254,528.591669264422
301.458109797089,268.192178951346,362.017260815285,232.19247179521,499.296222634469
259.324639289924,277.126502569739,296.044676291515,239.635507965454,645.730175830341
301.972188169185,302.428913606346,333.344432416463,249.097401925162,495.065472957055
298.447065154763,319.943170790779,278.522530261236,226.391112236836,502.529579784674
291.864992447744,295.79065188571,301.243902587679,243.9571644448,598.356622679337
307.144691317069,318.739196981363,380.522697555677,253.114770432231,493.597415994615
310.139867421688,305.377034548773,243.876560161516,219.546788221247,517.454131940754
297.076861702996,377.041714343598,297.516137137422,264.378064282397,581.238403180281
311.258051829883,310.932703066107,330.777802685167,249.510716114893,478.59620547016
303.038101993375,321.642708873935,416.477737555081,239.776342517012,456.160626354568
272.807063297605,269.657425414858,313.343994256493,252.245347998701,626.149899182335
273.87658286683,295.985061820236,260.402601182819,219.633519542825,584.146549862862
240.751665274184,338.876087632056,307.846566767948,264.95701732356,521.463811195982
253.440090067758,318.569908078866,333.070195255906,244.903708847158,514.561300075623
269.856190903777,302.603928974798,349.137528977221,233.158002639663,637.00159417333
247.325037255523,334.593738601499,293.412061898116,215.435080153166,505.170439787558
331.505378303983,296.090576883024,296.302397790985,220.178793759526,681.199456654429
285.184346219002,295.683350651268,307.542048672995,235.921287454158,527.968390810716
224.610762678823,292.317466909683,324.050252950026,247.647070449958,586.886777993461
238.344884942103,313.309141537796,288.680630956939,238.492065693686,443.087591190722
282.680814739604,306.563517073931,311.898996229173,295.991231205645,513.69357141952
271.562391282757,327.35862078369,306.804923412905,244.266097586637,627.56936834169
237.986313324199,299.869176139231,356.833947658932,262.050873135524,536.455941366428
252.065275310331,296.288108006579,290.332763270322,250.77367303344,515.562401607224
245.831795494353,357.974522010602,206.749740157317,283.041706226911,594.91556927811
233.170550112362,303.455514467019,279.135571858122,259.762983497758,591.824596787146
330.981326966924,311.504154592013,315.342128664021,295.190320011131,623.91844469167
269.706235197762,298.588670596617,230.193150384599,261.539357490647,671.032615192011
236.996611568581,379.739586857258,317.581047180895,251.872503806872,612.199461070436
254.76067666553,336.958464643677,271.89586146462,250.017276971634,594.84899458711
274.282842652851,282.205857085504,322.30153158101,273.031796929789,427.690124427709
255.801583822446,277.064420888235,382.513789256424,254.378833533005,541.861867853578
282.132196670531,278.167615640561,274.971948542104,276.448494743363,543.228316417981
282.012324582372,373.435402634471,332.010153578238,244.826976520174,469.899533927769
303.266557415332,312.984916015355,269.791657252905,245.273148661695,666.764153189901
276.543201147079,320.774522336297,289.176858688423,265.966455525501,623.745597067643
259.896810720322,310.002336640316,200.983709014693,251.953789370165,552.519608404742
265.281129543016,350.410760027467,305.006312852949,275.685905983583,612.90674268523
246.299093040413,246.496338153485,298.876581623193,226.05381226377,562.634884292961
260.266259473069,336.853296610989,293.217409675593,292.486864980408,515.233157824321
293.220032007044,297.088394115831,317.46891022222,240.176775807032,582.602674420426
312.866364468595,292.778595140754,342.664578044614,228.018405703774,463.59876993992
316.479974158901,282.156152520089,288.649912508081,261.550865588457,509.295632049053
295.514341265303,299.879513787623,284.695533326619,286.011870388568,467.198968046833
256.025268114715,283.154517016512,293.139876393474,273.147955302371,499.624303079842
286.68870169536,337.486981768286,400.161430110081,235.500489207577,546.733081666759
273.160120066613,327.675510854673,264.512325596978,250.104575075798,570.256016562081
286.050602200238,340.721650732468,274.427972878873,245.87737213716,623.155778847673
294.570134621637,327.390625350498,314.268434835013,263.041416381217,522.544001856846
306.148504423577,298.185083305845,228.078864604694,219.638819496937,432.462119321692
260.02147757368,271.452747985138,305.378785938585,262.717932460474,422.240854748163
277.732437068288,341.684939562733,307.533256928376,295.734276449297,466.17146730683
283.301683666971,340.485438007649,327.41402548907,212.342576583502,594.820136977719
245.360023031488,344.416800738882,204.491436506743,245.915009287234,415.111754020563
216.087083033016,299.422769028201,345.973132271066,234.130459912165,575.326505624567
281.466321248099,297.50919742545,358.407757616996,251.688330745554,603.542493911855
272.775551524686,311.067255633033,334.859879614579,247.325062071801,615.989795308632
297.553832148782,344.674109926816,425.68508652622,236.386864900029,479.785525160364
265.167050689268,349.272834366141,297.073094769793,279.355007303451,562.086785118145
275.91377079999,333.515749895144,297.508767781215,221.212954513076,583.673724563557
291.511900083681,324.08157295263,373.050084042955,246.392933974166,477.825140770909
261.166930984952,330.844402929781,308.660320401403,247.774001340948,586.080210083917
235.829042458254,281.174440256712,328.274842870361,234.940780616349,507.635078794245
268.719959589648,324.856161627217,286.009883226013,255.396729166264,527.215342139087
265.48889787525,349.423322187328,317.905567389804,266.190134505318,575.342415449532
311.404332233347,352.726176273535,294.777555025346,261.515413358224,591.208320048162
294.386098009014,352.784309481473,330.403663189239,272.997510886928,516.543972229503
241.835472999394,297.116815431116,320.376729633316,254.985964700964,561.993574275866
310.656135631674,308.234566020707,347.48922919139,290.432840409278,521.390984576281
325.295963450807,341.352407633792,272.234495036132,270.067433822449,487.039809923393
252.652053046401,347.618385687337,283.739769174052,254.079290029988,552.849018510991
296.665021180931,309.332089278553,220.431858894919,244.761126232393,539.101748691393
292.390226858549,352.53176396609,340.959509513982,236.935041668152,556.536023515309
263.517816114447,310.157802392769,326.01549462813,235.268211296144,491.365203083778
312.709159358394,354.497742276172,381.338914473477,204.669789574665,596.18363318296
252.845928094575,304.43042024565,250.795712848145,240.020741865908,600.710173795072
306.017047885369,328.045432339806,346.139356548367,217.417012373548,553.901606931066
328.716541249567,291.537454798706,301.629342320209,236.806462963707,528.397462782887
277.27435850008,306.892858017614,331.553467735183,253.307188529615,466.494414008479
286.41801851716,309.651783500891,320.652474256461,229.249693894589,471.74642557573
338.093233471644,305.045771340291,265.777234936969,233.332197344978,561.576998925702
269.612614643299,290.15423741197,304.083428762197,222.165914922837,462.318931138617
357.859376737028,311.990484066347,212.372842067028,247.607803695085,486.948994606313
331.860177113323,372.272836300969,362.739000300586,228.265708568273,508.107987020191
284.748759482648,307.704472567591,293.612729616881,255.123539865792,584.303619359999
256.863905715994,364.349244563326,330.534101272509,234.872025810032,593.322355276204
269.383479839105,303.54764252913,347.546510537399,238.382238268371,573.95944042933
304.756392868959,326.800442484718,318.110253707786,270.518055489542,568.934859317955
345.093249049349,335.134630794616,278.659638700102,216.96320552495,409.211345513748
260.467825262179,340.542114282763,294.987719510494,250.77072882565,658.100764274443
257.521848867488,317.374439351074,341.692953890661,258.951397020329,484.989985944567
292.415818963977,300.42694807872,354.416820432215,225.145597409741,513.289046372387
334.62003348847,349.150563675719,290.333387502892,302.799626943699,574.796921561383
294.527375911003,301.157008522197,333.519828395519,268.097447991926,548.675533661919
290.097555001699,319.876217518797,316.225895950867,217.94163229743,549.198619139249
310.882134227352,300.534465986845,334.683426646091,217.435585378847,581.86938434126
256.519127037358,320.557539805448,290.675788046819,207.597465049744,450.143597445562
284.04175511972,270.005490984239,324.835670302651,239.532336831873,559.930479530396
275.589542665954,331.070345015135,229.542616396026,228.966456756244,559.047439773203
285.404376871106,286.588951232464,354.445253506084,215.910411405028,596.914558796225
310.33527482415,330.783705246302,385.226920380673,224.35024413571,565.212557181119
283.533899300755,351.325252179588,336.424557191982,240.697696519301,605.364096183456
288.214454339422,321.667111422123,240.175546745669,225.585686376777,640.527707421031
276.757566910842,290.399918476912,309.560936003551,290.407155247976,622.99249401167
289.000975774075,303.128235065634,342.639540613279,257.760602449303,379.756685616073
260.753571616695,319.618886763168,393.289082182358,188.611012793839,498.25592226499
290.288161744046,303.7587920303,251.489480796301,239.179538298059,521.806779332332
343.178469288659,294.364619818727,341.33832912284,231.878503861558,640.581603978816
317.517614633239,301.175579229956,315.589128965314,208.181264788313,643.948703591907
284.28290736752,289.76403289466,293.033004167444,289.584883821903,565.839723602798
247.10066836443,311.981638130566,329.102286813832,200.106398265207,391.794292095675
297.291648641583,294.802124160995,343.639660066567,250.542559199185,617.857687823145
244.940362499637,318.727007647113,334.374162839912,229.015071955596,602.363211399075
308.324022390269,350.790878859224,348.14127445111,271.00911192672,523.861174474953
294.914126068667,341.568477407892,291.11503506045,248.616181537197,566.041429217253
283.335844118267,308.622011270346,388.726178267666,248.392885484602,402.365588141179
247.675231239516,304.532868720059,272.574760857568,236.069477316739,468.333237231584
287.138057895493,319.935111450277,344.808792502254,243.216564195694,580.216279803839
306.820967941457,334.484396437009,376.442474198903,267.920332145073,640.420975704851
298.171320491751,319.065578110627,346.718573882668,203.001983248973,610.286033194809
303.738221082183,371.755450771385,311.902705364157,233.76768551623,508.15314236691
324.371372851814,264.998692818056,291.551784493716,264.412411917205,535.722869738697
292.91863820111,279.393801218372,379.668732421227,254.638242986915,619.118392247478
314.873553752301,294.980613810958,336.963644297846,281.14781151231,513.906408234758
241.937083268153,305.043681419446,281.571059988681,270.150766413712,739.548309357452
249.306275542182,268.592196605897,323.730108254092,285.11218026996,520.001301165559
281.194672965631,292.81577350524,372.629358549906,264.889991248264,484.938470228436
305.064898499828,327.773316467371,319.205735142778,255.856916487096,496.745627425798
276.86971755445,401.165522022289,329.655363216753,241.931938360511,556.175744985518
296.196964132743,371.919928561208,211.623463258068,293.111591507846,613.934831447289
275.424743782325,318.641549858741,321.76829791439,289.717234233458,600.531006895572
328.578287686637,311.590646229462,366.132860109947,287.389914742178,405.229397393736
249.606043116629,306.047704507732,383.495751896142,270.71238064391,539.334471980414
258.403407590951,326.421355604316,283.853290096476,252.153860766854,499.101022138963
273.351841544198,326.33194475294,273.876809960461,278.188249773452,326.483788134044
281.942598791557,289.538730260893,242.488709122047,216.440442490969,573.41311603562
255.399347841053,262.525403257982,293.412203870834,260.202003176428,482.386878895564
232.106147477429,282.432053274113,312.365182208708,300.463065695814,491.68729145621
251.162972288755,379.440380080546,323.165824096271,264.971579933973,535.145861407284
277.392479615282,346.018978592776,277.927344131371,229.119551715302,574.092562352031
265.390281423,266.494055600106,354.841158877521,269.086815955898,607.001559371924
283.860589040932,339.202267780687,343.773635885541,275.420371030591,431.804196483628
279.219214641805,249.742809965052,312.209672194828,230.779996082555,410.326321959356
323.176624926953,257.029905687684,278.737214586036,237.529883739138,589.577340518217
303.002912069652,251.957374647032,286.878504231036,317.505423484547,546.114007220772
281.111576672062,225.186233272929,382.487981860096,261.210469361722,503.424521591314
274.13610167219,293.069600985937,382.040727556863,278.224248169927,472.658471094382
286.576449134918,281.235635004258,332.219091344773,292.388245924379,543.390107899254
256.484504255882,280.61778934432,289.856802395724,275.850449297374,392.530277055415
267.984016197193,263.580535679977,261.706105846783,285.970979906053,434.221908013797
258.974866404788,310.275485844773,295.712095458036,274.784911669542,471.133099559265
246.858808705982,294.303309659034,421.93569039652,288.900404651808,553.852156186991
307.441885299606,279.626727269074,347.374982599946,281.230913880729,502.101382532566
262.901481763517,288.120041149513,365.049838260254,336.260849778932,497.954072654974
270.668082117337,288.249684853563,355.478394830657,268.43544763981,520.369508432733
283.432959215121,317.502059234439,328.245076126405,280.282850568331,581.900372778955
328.909010212336,286.20952244601,315.327401737978,288.720897918781,367.466056666593
300.625564900661,268.278814905847,293.362327621664,332.43377182445,580.785720990826
252.975398028742,320.813297734854,401.305792528124,272.717890452777,456.334076397218
249.827480518761,243.928732718165,340.250240147015,321.591153837382,506.837824499128
295.41301361251,265.656093330879,314.735468848129,302.389114812587,449.28033185964
272.675145615634,236.376258840346,322.993034886088,244.93532674814,486.982720113037
254.770866493061,264.699736308853,389.323422071782,272.982527436212,541.746931900748
263.05625963643,300.389102580351,302.528241316901,309.480111852238,514.304597446993
246.509539845996,262.685750444059,254.727923326467,284.745853574155,383.08902073595
275.166217600481,247.750067407043,281.168568687647,263.95282597724,484.502742904119
305.784317733382,271.38573853124,262.57866972394,305.233435372765,622.96458055238
260.147227124208,274.621565572005,335.39528189826,298.28545258749,501.135405520955
271.713418853725,293.829158756109,370.055499846693,235.471393711354,488.912239422432
290.018142268145,257.511475682967,305.226450688772,301.515035166096,530.747427990975
308.531078765695,322.677534058173,323.234252256548,279.681878970311,519.403633981426
269.132876206836,332.947661381582,290.669023847659,268.087260490119,526.990084012946
260.628620429525,276.516964868672,322.160538589013,252.701516716179,545.545234940816
254.572918302917,288.193691416563,335.378010558759,242.733838198616,601.422299809692
257.938799626992,286.453323734205,304.846994603403,276.895118215711,538.074877539838
265.089365211315,237.447357192703,382.194596734123,293.601360901525,487.903642685866
282.597908840066,268.350699188436,400.326912184003,270.971538452777,482.135541160241
273.753937058765,251.842588269281,420.465462588649,257.273138413407,602.414150878162
229.745446257608,297.742604549432,348.472566668878,271.169269433075,477.369894099387
251.027529823213,302.372766865366,292.3960110235,252.977640564369,502.480041778735
251.816579474576,315.445568101843,292.147238331474,270.781977654505,482.559414685459
263.924911783139,285.986458882893,321.568291636489,239.707161503822,451.652227187784
262.894239659443,315.054903847758,314.445728441042,243.025394497899,514.064298691818
259.035331420983,310.182124997159,375.646993146554,320.508820536451,559.953795382968
223.911678742922,265.597577423324,254.747694149568,261.181420281894,639.92000879912
269.872466213095,271.458599128725,328.328612633421,300.280133329203,517.244079888052
283.241413111078,240.247242846724,343.452924166253,282.875068688709,539.396247582787
251.844293001013,249.672236380149,246.368699590674,305.588317440545,540.188528660221
254.989216579229,295.557136661136,309.072786458567,269.403318378895,567.496132650021
308.485974909427,248.873638060648,309.153036881822,234.403967013349,572.381422657752
297.405016009853,272.590418026023,282.058738618898,290.160351796655,533.120934094222
282.837997625483,286.951745838108,332.605944157034,213.252833639115,469.176694674836
273.872382700328,274.155722593606,229.986456369144,268.948497852915,571.859088930265
268.956209890083,280.390009724224,266.478749555124,254.179246299219,379.909677861968
294.920554427887,279.03643136872,329.278506087032,264.730564876312,476.53653137601
287.988067336117,275.622305493082,338.620779308668,239.72289962878,557.923151151394
326.351791400461,275.722428136582,287.3120857193,261.744496005685,474.325031881304
287.109653153121,292.276834776643,325.654419991237,226.463168966168,492.792445433098
284.392354602414,277.657213533171,369.616340410922,304.278922258642,525.049315626426
285.711623688427,252.053606796342,367.156586005722,264.1273029408,537.744988605755
226.904487480725,264.562734603108,304.775131170819,286.275813404794,514.179492018949
312.68203859188,244.019294875405,363.221955538245,270.761550761485,569.849189157936
317.840611363224,216.820364041361,312.17945676174,248.125256632438,642.922769459664
310.248289232982,249.281100265095,375.178657164812,299.968124124423,578.172183653339
304.178911485325,250.204301237102,363.199857448887,278.699109449315,520.801823458494
320.304596790502,213.679716313287,327.625171480995,275.155813655444,526.467737281993
260.823666155397,238.42476204434,363.87502230605,256.794420079745,488.487772554268
305.262622598681,217.653477821709,277.759687660974,251.293157024753,532.112306705511
286.26913092633,233.932159353827,377.639987515453,277.525354153325,496.435082137806
302.333433748542,248.956821407031,284.619526632646,248.891030965764,537.848186348547
272.717903795026,238.749299769196,350.16734999247,249.455114946888,665.51053854785
300.559445240483,283.309340381286,278.274878592867,239.0120677716,606.639457687751
274.936092765918,257.457758314204,398.018583122364,280.571566112905,525.689060300654
278.60954217016,269.110571330208,286.608710050202,254.453181434487,575.018715740883
295.080131932757,258.639355600915,330.769656311564,249.68793592361,582.699744728885
249.286763101963,252.911087302372,292.795064931983,229.400323551515,510.481709503748
260.244326766655,266.715768844814,359.718341816272,254.732453243025,578.420820703464
270.901575964001,243.818148817349,357.927058607881,225.103472844244,534.078874086864
284.53426237698,250.63545422977,328.394665110783,234.253380660502,457.730703095653
237.101940328258,227.839950498662,280.555049085142,313.276098499135,621.614475999223
308.819943773488,286.38760028039,404.71197014459,241.708609902255,471.116843619416
234.783293258113,248.112800186446,360.620226705189,322.869698731275,593.342165128632
329.876680003232,246.05510956577,325.795479167632,173.229583276729,537.667852750741
275.34326509612,237.814751400689,282.474111924346,240.743802434415,473.675001136176
267.732131625832,251.241781347114,310.514185174058,263.308486935441,414.144248887932
309.227457632474,243.502251441692,368.811704941814,281.255372257525,578.751166506589
296.017674397736,268.080961928031,323.25394151773,274.811345719491,587.374318982386
292.698603623654,217.410194003905,297.187239763727,249.787488042965,551.614697842226
237.769827063023,236.268909412413,263.297823781,247.336702650767,451.607757668561
298.767774018043,214.188764268463,268.387551555062,239.814912565647,555.634002006943
293.678401347419,208.303455774605,318.08085473994,264.013775897859,537.976889680756
279.303641595858,240.42866034413,332.661996220015,329.169732023261,504.583495008774
257.844424917036,304.6674935979,280.428152749136,266.549835545856,459.882196146357
314.902466451886,254.864044618508,351.305071686045,262.346760316428,434.38181237768
271.623881056553,280.444330298359,365.074978881973,243.369533643565,490.990623835565
295.661093587717,266.619746602896,365.245565464466,270.887643623798,513.017542362693
324.79408010985,289.043184289874,339.156720510706,229.123796483883,458.247367004214
229.618367224728,294.245449155674,361.263902999046,242.763672607821,437.729819575813
320.766615634134,279.568485735911,360.002214942444,260.685844213058,499.786173170547
223.165941961687,241.49888078723,286.776464542781,241.306469192956,531.827517535521
259.055657205181,276.877030002399,386.792374446979,277.33561563504,534.37973340127
279.520009436877,237.998069217995,353.21279931929,275.521030086212,583.256323907184
263.53825843513,227.636972227889,398.913380928936,276.418846888683,484.239696117588
263.497446657643,241.075444545416,440.398644842075,271.617216045806,549.635306507252
259.207519630145,238.963781029827,348.600714152172,235.996432016557,523.299320436258
259.973238621023,235.571349968609,358.891276549532,255.963050715902,560.990969857606
256.300813172445,234.399734647462,333.922134078017,255.326135604949,501.218955812395
275.59362264745,268.679972868396,394.601672670686,230.502524872738,534.60774837084
232.075809008207,273.248900468252,378.259754066535,272.003995987548,478.552534718847
266.04980578723,265.012358140272,294.838160025402,257.433847867598,517.127473440666
251.982691746116,283.229405796607,331.195740612791,282.546311527103,561.578163777019
267.74072997227,245.130415410238,431.764419652657,250.190761497813,480.854950693508
211.919907848155,278.982516703752,307.485542506426,295.869289847032,485.164209400924
272.703820555701,250.390467860096,385.453066960941,276.728284510655,486.50815955758
263.234390732685,238.708428294827,426.228669286639,272.82666829361,455.586452337653
262.662390976792,280.956374038634,392.283078049575,269.677859913754,629.137108496443
287.983344945477,281.972856916536,529.233895874884,252.883111787876,587.523242635534
227.950052328705,260.605105195529,398.995227471166,318.806001562893,522.325650542269
298.545219918581,290.128239000809,438.1612560722,273.041712881113,481.698631400505
270.627525565193,263.832832448967,385.046509265263,257.490277683237,536.892106173921
212.094470139158,267.935333084984,413.351462593397,290.957528959442,540.913420623641
210.158409776426,251.416983955306,324.551027600007,309.176732031998,547.659230782788
291.837440984975,257.484646071977,307.343663371594,281.208003327461,576.23811112807
236.779599017792,223.245654065158,447.299593353619,262.077154537705,545.148461195881
215.845238938468,240.127215451129,437.172491869366,247.256347691244,471.669074682047
213.955701098912,240.311888487,461.064158998333,271.668063332804,552.582644886885
239.277990428944,211.891898841099,460.844341341864,255.23768512877,473.012657166331
257.658716687629,270.883875548857,416.592609284816,252.163733229431,512.718345721881
222.289473020668,248.827380635378,374.670471469405,295.15516973193,414.659055129108
221.185253637261,226.042922920654,429.233998570821,323.149458816112,472.114345554587
231.855109917478,269.911874867397,360.604557318226,290.527918485645,570.200805870226
213.677066747889,261.248970564315,338.015047053642,285.353423103291,549.529181138764
220.796744939223,247.003817546255,486.692152149647,299.690245833592,511.184108023364
246.101796844417,254.938008446982,462.5288747772,319.798139230852,460.44973720999
262.706364385009,251.961989192515,348.608265446921,251.257944150505,484.175371758301
269.510118891305,255.673117226158,436.873632775187,245.335460146516,490.119572456473
221.703206971413,243.637292875099,479.57686585094,231.6271265057,548.736243922609
273.006338568335,235.624340772915,445.216628140147,289.879474151175,500.370818267477
261.901587296936,252.480635801727,499.610360228434,307.692899699102,538.931342299621
279.619975247745,252.128596746775,429.488338103886,308.8017175234,434.087067030233
260.334454200752,217.189546429485,435.700428138196,261.379179099875,527.067886671925
256.873225167092,230.576202476217,445.352123485725,267.170551304556,485.288959053899
240.01777118659,215.634787576316,299.268866550355,293.965986024773,481.948453352029
250.919633029283,243.429620527516,385.334691984816,274.369076640776,526.183204728579
250.283714155565,207.340400584037,478.232613601925,242.348684148433,505.226974380791
247.828273770699,271.262458347994,462.488090567674,261.61945319168,474.568726377335
288.966225448392,212.399976470933,433.305218542184,272.839214141666,445.151630004841
221.577633216394,243.067108402888,496.278045048301,281.256217979029,581.63959272019
222.938844769376,197.27718178368,472.556178760056,294.83100554244,477.695716957417
260.596928338589,269.870801581171,359.557323796829,231.115918796244,541.220457875866
242.530773869436,257.405336505747,384.936266926976,290.691754118923,542.474686785761
280.316083584155,246.18839969222,452.873858057886,282.132243758542,547.235281321641
234.210031651069,214.884657927392,396.113615538391,293.477553671769,495.668870694236
229.466388060244,253.0035547648,438.561664723596,274.587075834946,453.473841208213
249.794098161508,254.478140438068,418.864478170846,274.399027033725,438.839606597994
273.430144688577,238.69172088881,406.803176745279,301.39236809013,493.738171143615
318.753283079694,248.211909320796,408.908033887573,292.157371112827,474.12866615615
227.68023250874,207.878895058997,431.13917126526,223.173798318511,486.395697680766
259.09355967494,280.600340810825,339.710723060243,252.390992635765,399.905945313365
241.093302927149,193.34245540982,418.423255027626,218.652718659363,610.606270129097
260.704808183236,231.9018020076,339.352521190402,222.90309426335,533.45833959497
251.167567942937,216.247634319263,480.155801395449,253.056885987674,442.402009043209
289.542842149612,226.194471648439,466.388358225963,255.094891967492,430.687586484808
217.43926065192,252.679704906359,425.720859013689,257.893312179029,525.081057695572
228.413909552499,210.835883434814,448.570014072685,262.289367830694,461.344994061984
273.840035559523,217.4452393833,407.466985294886,305.1726489193,439.113425897123
226.022879235968,233.747316963857,445.087047040757,228.168563915966,424.909056692012
268.251094855084,238.327540918493,442.330567246886,246.241486653976,509.207900695742
233.747376021205,239.969688424629,497.790050604513,284.456917162172,543.718556431855
283.8378096975,259.173873312192,424.023742825489,275.697873875707,501.400327067109
257.979464176659,244.292410963033,500.136661137507,234.072257490546,508.182300218303
241.823759766054,254.632531859015,424.641074597869,267.990511127737,457.056379341741
210.162151888456,235.298875181152,416.616678261776,251.384860942523,464.672181609735
229.592841584281,218.43444445549,506.837410461816,232.443598038426,498.83174533442
261.228728964121,265.904409031268,398.615268141124,288.136396740429,450.133768039224
279.636355523066,247.158702601432,407.509285408921,259.662498877661,527.150751596585
249.657667947835,229.069041889322,324.272461131787,254.12633791211,457.671777995974
278.071937323164,276.120916850776,459.17800107457,240.611978255046,454.241252264063
237.587368824431,229.69597976632,338.169243961303,287.42735258395,492.904803042342
220.120760976654,233.796716092927,435.066240687743,268.838853688875,524.253164003408
274.352675660281,267.402343038903,559.881217661651,256.950853552697,415.295078543454
288.590159824632,255.281122903877,442.587573033937,276.186694022333,469.686914128555
208.289793278331,261.816323624452,506.707316054938,231.065757738686,413.838125116951
245.317956635962,215.866844889598,443.714673767709,282.14139007823,429.918668721614
193.444465203642,230.197577292345,476.328256256054,283.435782797641,401.984068801986
222.459776514701,215.451255593729,455.028354513565,258.841111257744,423.279150891034
227.680437902157,230.926282049789,513.985799520611,301.753750069223,478.285323635115
228.421983304561,202.112533773821,577.541741710089,226.070545772037,398.809411849262
229.926726919184,212.681284682421,429.39458423872,262.132189778048,395.085599854528
220.814816758645,204.619936137497,480.543014608538,298.895301383401,437.512003317982
213.719484591852,255.079807786898,425.137594587187,287.716819962865,457.124634531759
241.699071552393,217.156868296374,487.683108119974,273.746110421563,318.699181166943
251.309002408579,209.540996816751,397.245471812792,307.596695182485,477.110690430803
262.707698854896,199.727319807336,419.11227381039,293.171313422157,437.223075924454
229.331745063723,242.982582193454,478.316956596212,329.460373802355,406.948999519577
220.800023934843,228.20432859886,584.78378529442,292.832173897299,501.614437571442
248.167330927873,239.063987543853,479.129121080161,321.423035213533,442.559874412592
277.251391357852,223.991644105761,366.124664840854,274.862809915239,412.443667988959
232.853089312494,209.878048373689,267.34628187542,258.02822459254,460.043519664262
225.529775914925,234.777525175435,429.254440008588,295.488777075568,442.782793759046
208.957865272082,255.470919570288,414.006771158131,282.287292716776,479.791189793187
238.084248032863,254.729222848407,399.481766899521,302.237524556114,371.073267630138
240.081730357313,249.972806969708,525.641299505004,276.59000757131,469.873386282186
229.37787900008,226.946853500723,514.759460351308,298.171648593381,379.282213973979
229.745114646857,260.527024652485,372.701712099061,307.980620491577,533.707515356163
200.000284782361,265.655587515453,357.587337829634,281.404946584963,446.004278439089
227.151142534967,280.220805798127,446.335706265417,257.846658176611,447.213306321482
209.791583105324,232.297977270212,457.108743488073,325.660691990596,391.79659041232
218.6627323907,282.35130330194,364.488709043461,314.275239352739,443.217707918141
230.39763463918,243.647185759182,473.665937452186,260.30710509031,412.615666725832
216.76774894946,228.342880692707,358.465219385522,294.179315409669,490.950388471706
215.710102298686,227.392661144683,498.566957999824,270.057011301601,417.29037232693
209.400293206445,251.499762885991,418.960028208011,308.749792395601,523.626476923845
212.656551180402,230.847221693481,400.60642080424,297.716108409363,473.788204857211
197.147861696457,243.513872289331,405.695471636269,264.687761292451,481.769481724292
214.405140204888,249.712699219729,413.319448959799,317.418424154348,425.392247720062
207.946336594138,231.37347888887,373.912936309172,311.877111013864,465.805224469439
243.067984316189,272.869806601203,476.956035902208,227.43021848968,398.695449726871
250.885599023725,231.956765993778,485.918316841249,302.990246258976,465.720047380278
253.961025741742,266.149868223827,340.510036981893,254.67632923498,433.165521532184
255.358120594413,235.644269718013,432.241871291926,271.692780127533,439.451598530696
197.913144648068,238.752037850521,478.691906466772,344.24231021597,471.825857681916
174.885903172005,226.475036100735,431.433703645778,286.52247536747,316.213779657631
205.395781791031,222.715496520544,413.134896427171,274.082085467186,516.482170767448
207.75970373631,259.188664204544,480.740527199271,265.323628062638,424.242328549297
223.532805071424,235.294911010176,434.317409748723,298.971704440795,420.740321129081
211.346799725865,217.362916241091,514.434012659257,343.65968735091,446.326328439085
219.100261054313,270.719435027796,440.665278269692,303.842311716645,389.402647971966
190.376289199199,277.717834801208,338.078884310028,299.462216068139,407.997588959327
241.419771502817,240.165313806377,414.320017089472,332.893463101532,405.679764113315
196.220067488433,243.943367570488,386.550111838183,204.666717260388,417.98365663985
228.109251791522,238.226102658036,391.269920448499,277.935870484432,492.743049452675
254.062789505651,276.080013420847,496.309484825894,213.070445943657,439.114539806218
216.70290792503,223.274478834603,400.729964927957,279.036246142821,441.612166798852
242.028458402625,278.386165285413,519.672976979333,244.315379622165,435.039080206538
221.221566364354,244.395284804711,357.223347846447,287.887135170068,450.448720472192
269.925201594552,293.392671195068,497.394705185497,282.141703206479,357.868664741453
211.137557238028,236.547067186516,460.036880399093,292.910056128851,438.212988999863
243.903875491321,282.412207400569,511.127331505003,247.66305681972,439.250188100866
212.182736938858,264.698414994799,513.933776863991,275.184060613588,552.654386749361
211.40582716498,281.654798007045,416.876865978903,274.982903489663,390.900188020056
197.500657457692,249.387691159158,532.385095967963,265.713253747271,377.287565308223
197.67091998909,278.982741313438,369.453786977292,272.573662074343,436.590016378787
216.096628048943,242.132004444507,445.873452123453,324.993534866622,418.058423163034
205.937898329875,293.258398374565,485.318685782242,271.71145581873,388.413148173588
197.168465447136,264.825152508982,439.633347053155,263.538169337502,314.826263665013
211.453720341144,218.732422659295,456.477194258115,310.293326869454,398.414178712471
220.353252801661,237.286511459009,581.999738766346,263.589930141855,472.353671809873
217.166746026945,276.995769193252,482.120642067463,297.569869777543,394.772037113891
191.101146457919,237.527040039999,411.028301836303,261.58416518607,383.97381383904
184.421211896583,268.336042133647,473.644748173679,262.37975434498,484.306246479126
195.85418260935,295.667451295386,498.675172707926,269.903802399275,465.466406907492
212.710210847435,248.466490768856,374.882325464861,268.555066117822,427.294286982581
170.020672822074,230.746377989791,514.368847382757,273.955014572389,413.650233385499
201.543899640173,284.417914510625,385.262923213104,256.992166758788,487.315799057393
248.532222684386,254.293801612082,402.085127513737,243.923459679063,482.408233954438
201.207798793302,255.953894267446,475.758035470502,300.232709469117,354.116985226833
205.463437460279,267.019119503395,418.554044677294,273.443223335687,447.038468223551
215.561766505274,241.474245624831,430.62917662265,240.103120062297,490.618939995675
197.966196884841,258.047344317343,532.656778890325,282.839878357489,426.518913602374
180.847026887156,286.03474690676,582.021170996609,273.50308078521,441.451775801912
233.273673835584,284.130137187983,456.04673062688,265.371152958649,429.519638504653
225.828283513686,278.952183345214,503.488450964923,297.085278415952,337.855975310062
219.635193987051,265.405640349621,502.189401783903,238.412631652187,435.827261899062
216.770821955765,249.198943486674,471.759802592613,295.821505569825,397.824634827445
191.950212608145,314.407306122683,442.244875145392,304.014596977524,517.330771779545
216.642820862194,238.145614553675,412.306545517866,238.241829031246,513.811226719706
225.070168424127,227.683272968372,477.732623230134,229.290814902639,574.840344012822
174.739248007071,265.014407625416,454.664400578152,280.991069078845,422.10534442948
207.624530359309,272.354714669146,531.933859885059,311.425268438186,473.142335483491
227.264210168924,264.731511828101,527.963174956692,264.356920806612,404.109726181526
195.222192551355,281.395307441918,453.26027550236,239.305714572448,523.039835196996
212.808533967457,246.242188386016,525.578501192731,254.948449944844,377.161085477973
203.005541187709,290.583043719961,405.329690388852,273.672142855058,536.085161468687
186.883685322122,287.94812010906,390.245729188184,247.310205020715,342.761701056266
207.35478749244,258.373870719362,428.6258556904,227.194950212606,474.607683851741
201.613434190593,224.008120054888,464.554772940938,287.68768580706,472.294154385573
224.22345635536,256.073760209931,415.083259956253,258.261857125269,463.365842787402
200.712926490774,252.758213946403,463.585100334236,259.451391276421,479.748028358721
195.266794060215,248.753389474101,457.608161561228,285.801155569382,445.282102709562
202.3632581458,262.176299022981,506.362339868019,292.068046034528,533.551481976512
167.915247819841,238.542813168244,436.437285041422,255.179027782236,377.182354993758
213.14122899047,246.463663797052,498.673868771105,238.613350431206,580.88569051286
169.373762850792,208.751498511425,461.888767531452,264.0658784971,485.549223219511
223.109478324436,233.657889218031,456.351894876389,207.028865267239,424.834463279791
218.61697011609,241.2116579095,422.062911204843,231.205370515045,477.783448837286
210.7668761198,246.546453167082,508.389450396291,216.662166351492,448.711605576832
187.954870180988,239.364934600588,429.975356867955,226.570758684514,466.141850717398
176.769556596437,261.413800835729,371.410342787261,254.510050764535,414.625619193058
213.29256614115,261.591708629437,328.771221330807,253.440531588451,388.276749551892
183.780587141294,254.199487612522,448.421911055852,272.183379204194,393.39168712768
186.709648568356,278.469223269926,432.532478774712,244.575101370988,456.802235170634
181.117116430216,247.170281729463,448.73043674796,303.114523174816,407.606132160787
209.799492295154,241.845332268678,433.187100565466,261.305824466321,453.716429341969
180.933059145106,262.549390851634,482.212196694878,289.598547447999,436.473170664086
195.366374490582,211.97932899261,441.772472515209,236.335294872012,464.903847053827
216.76261170878,221.652957428828,471.210503395322,299.739273893729,455.861951674631
202.119908041541,249.640519845321,404.76361151962,252.19308805611,404.983883920752
198.605081433766,251.494348629969,427.888582760986,290.428488243891,444.113320131565
193.80538211193,244.562355919425,434.656172251176,283.202503331508,487.449886870992
194.43273392473,251.250126502434,365.865076305036,260.902556782258,463.831299918781
245.474480504142,259.466610335476,461.440007292396,225.189261398269,433.007708322334
198.103954490851,278.039088322933,483.928152523888,258.251127781318,460.687252067614
176.31198725864,226.199057182682,406.881896317823,273.944281654633,529.844538640352
202.785956589181,252.595978168582,354.268938535292,292.277615350609,518.758187906693
232.769158355673,235.809993276181,384.911677789876,250.108941194251,455.367490682188
232.798361984665,248.275301243948,348.087270038936,305.305858325387,395.161604346442
227.501841525882,271.739107010288,435.319979696023,303.95320822939,470.052599607262
182.166896919464,261.792540308479,458.49219379143,280.707869747876,470.136157916463
208.126005098493,278.823233822283,404.40579626256,265.396580945848,565.494556729491
268.95076717744,197.244997666297,355.645925339624,310.890018110404,423.991054829926
208.37527971471,230.759064949571,367.732106166537,244.014074950346,471.975355244273
200.441755548737,246.694546585857,357.020175767979,245.175820135579,337.686015266489
214.468163002705,234.881047877395,360.124812263564,291.716446022351,418.428692214125
193.840152688192,266.863128518147,312.813623648044,300.577794706102,425.01921469067
195.246195928719,253.227460602131,425.975807761259,267.560090031003,522.223688941409
242.53362068038,289.14658368773,361.406448044079,297.284874011965,409.626022159484
217.504202480519,236.341066406002,383.939218122273,275.49525335613,562.571813535038
174.812504223772,225.61421341018,385.431713783972,254.629905351888,480.663881765823
199.955510290666,294.365198692574,396.797651013251,275.593159844184,548.220220471154
261.415788326797,263.465401500734,401.429576547577,273.318844397872,449.740475653226
220.179896824295,258.076414163862,362.221721248338,272.292807716493,448.190128995279
226.441450829855,261.699004498989,413.717065892668,261.594593281461,514.305537655383
240.22649017853,255.442570690064,461.967171062603,318.629401228777,473.156337429803
226.520805565937,282.806043764852,487.935046945412,243.123437262839,539.032367596636
228.237856278471,233.521134965354,438.901234732396,260.472007812859,499.057634245885
173.425928158256,291.527477420243,407.939930044951,307.100270503164,481.026396358321
269.683093617903,275.246066252456,438.658389763104,312.342074611654,464.033583911346
238.893739339133,235.62592649437,424.715644980796,259.555473685531,469.813947198602
208.454095477195,237.209601906903,386.012473856992,271.227043293638,579.592854228847
259.415161141493,237.486963014063,394.326551940782,291.062820402032,476.773923833919
215.921798897897,262.122360945055,338.485464674504,255.753551925999,451.353354868978
203.897146386504,222.9514635119,483.57887596429,259.475489489076,424.383553525843
220.226608557573,260.361684284654,352.067194719237,279.719879324054,494.105629056042
247.98854740653,234.388587544335,369.663566147161,277.76964735789,434.94930317825
207.595770604358,250.68762073264,487.444058730609,297.132340630255,451.595536404068
224.325071078666,290.452325155399,377.227923603199,315.484920957563,431.01860723982
283.648694057527,221.429279577186,451.18425765873,295.728109328361,483.389182412743
250.251250097507,251.173495059142,443.344953626697,292.68955895334,468.768682585856
260.215493996409,284.879033475162,353.505138743206,314.031716506652,425.146488057289
203.802039919525,251.430581452348,402.926452357194,312.144276980157,359.928460054815
267.989772526089,237.285479519361,405.704464618112,316.950492643903,475.535552274491
216.415494112559,271.442846060209,414.370137866265,291.105386484128,492.549266405987
223.276733053176,271.570912495883,342.677170536932,279.319275322617,433.955476863309
239.629574811354,232.843424884912,408.220298199379,316.858548422048,535.339872872242
232.932544116451,233.214151648863,346.333594105672,308.904827813409,399.031331497236
234.49451492323,246.515084231936,369.273014637673,313.553137900946,456.799993104243
210.683033854649,215.787295404764,424.034357233644,310.347918721084,472.506488654319
238.908500502765,277.357897157753,292.558941588787,293.474800805212,393.85350561912
249.287045227719,278.837085429145,363.829758150267,278.222129172152,448.17319182142
254.29725714213,248.161239192163,342.695320348635,302.023195586206,377.742621758941
230.856158205883,257.059768433106,314.771340795732,293.662680851966,398.990393535996
241.289307801299,243.290508853885,404.814884581872,306.480836226289,493.644611289233
234.04709946031,244.169733727106,324.559176090897,300.798745985834,507.693328716729
261.26207849105,279.612007702742,368.743678986866,249.849621645817,376.807490015475
208.942886103045,251.893119244173,371.221582112449,288.133952431659,478.68226899854
194.990252568973,241.833766115334,314.200358493167,326.679404387048,408.789742534916
240.542189092117,269.376605991425,389.797463045986,266.988103083176,447.335623229983
249.177088837493,220.27306823678,241.030351448292,260.148319967128,436.953950870283
214.511349806381,229.860451411335,411.532886277676,276.613117157578,525.495128338608
221.039079856571,251.14561955815,373.09551621034,295.020634983559,508.62647445975
219.30109689268,226.731066556206,296.535212767453,303.950219892333,450.291629305076
214.307318120259,273.927273400062,359.968175450764,304.186733491967,414.380254976337
218.02398400096,265.449931803066,344.495215268674,254.216268622559,457.878787429053
218.429530885551,265.768629479639,391.735041681503,296.517775703213,419.032515358287
238.117297344277,233.787250236129,329.322073644271,253.716640817719,459.617121446283
213.467483911859,260.818944740406,442.599294509152,270.903947298352,433.396615009041
228.31691589524,268.824955248637,414.783001504388,308.916691847969,439.806773214793
207.704206348389,252.202583703645,349.636541075527,276.827751010608,423.567381332422
225.493242151624,282.942808905249,391.313286609249,272.741618853774,464.239106385679
210.900895881887,258.354813478386,348.225019489624,275.391164101029,471.64785155762
238.06426435725,256.104127626928,351.526585889779,261.324130183092,432.706711254754
215.505936103468,231.002095884959,290.824314313948,284.315922013541,432.022245535263
217.20792402778,213.743751952972,376.128242703299,327.588984127472,373.99762301461
201.349191062426,231.496428542772,287.259726240159,300.670945065258,363.082211919367
225.833763332469,218.036115360341,395.345799547045,273.785576805733,396.803255483424
209.703079490994,261.191894168767,397.953957024188,311.55851002844,402.16321009534
224.54860894179,227.848864264563,350.494304985791,294.713610265772,418.368046327142
217.785701146146,237.995384698663,419.186897827413,276.334083317694,451.87078100692
206.650498354745,214.093894626202,335.265560599342,354.001010641147,391.493034676346
220.176791645838,265.241815947768,314.466238689604,257.945698635242,309.562966215447
244.84425315654,250.615695527349,314.849367596907,274.324456592079,456.931677877498
197.412196624121,253.215897684785,423.905572492127,249.919246515855,504.046128708193
212.411643437114,257.619237372508,397.670102504135,327.53407879412,416.677960509735
233.166677029402,180.856792473683,385.562861990302,308.161032580269,415.819158081887
206.191943000159,240.833166809787,358.917700588098,286.580554770732,485.092603486809
238.369313427959,224.030308485974,296.672900824829,296.519488902929,341.045624638468
223.688276828804,219.839401089366,343.637484185167,239.955504916952,407.036642952588
271.011143178104,265.139143541433,268.372076708062,257.977375267492,437.664803989614
233.261351755146,223.492341579732,321.961670248377,281.921701453808,467.187551553094
235.701354635655,233.424810353082,301.314137893998,286.880016150119,429.162093978785
233.092825379659,235.03015895619,285.544191445455,303.281339045498,377.518965431196
223.314080975728,277.425981144796,311.691012900497,336.901318741985,490.622999044378
246.137482728709,229.753241980075,300.464562023883,367.056903001703,457.798056794126
232.071025785824,242.882437516602,383.296186291702,316.145359746559,437.54624729964
236.744324897037,257.228822246887,341.605552043734,356.815977882563,368.216760686991
258.333618160323,247.740977382403,411.87757672173,300.497823087467,523.397773824867
251.252963540122,243.375371055019,325.342121592553,311.596367629102,470.647461356148
254.365669625791,222.993189194243,376.5423470655,364.559279187521,437.795275909372
210.490113323843,254.837990518823,357.542666495459,335.65714723503,423.509401390335
212.742939221506,267.22363804284,378.919287543677,316.374929612278,479.818701660725
234.073168065813,264.855571806087,307.693769919101,281.962305430061,404.721277750875
225.616309863852,235.91953749904,328.9815417632,279.055871309374,429.64758752787
189.567339488125,255.113546771233,334.319399046379,333.935877479871,438.287950549048
187.294397128439,215.043338137056,401.896139092567,287.224465976243,414.846388999198
195.601878653724,244.955534198288,282.928565381604,265.07610968351,388.005510065177
223.838303362197,208.562051825638,350.537556259826,315.314373584489,477.336532114329
234.153109033915,242.731510166214,321.85562874272,329.34821619533,384.973736527476
207.039471494632,247.931098395423,389.064605017199,291.320578065375,408.517761246405
202.539900023382,220.295721506888,372.669250331906,366.068343227499,531.064988595818
202.84352005217,221.80516075197,296.121571962348,333.452592774743,488.579166669388
232.877927944571,236.685560903008,372.430827626248,343.382122132825,458.923091022296
218.293900774606,226.027115085173,331.276067959002,323.068082803408,442.747580817484
202.706960003816,212.615048766717,231.752624708533,262.354760833843,418.755704601512
178.322464646725,226.435752022667,319.181488378633,330.101955111335,398.084955294786
191.094072505643,228.015772448877,331.904766090557,253.989164059414,491.711227121074
185.954001820039,246.375114027612,271.139607285109,296.516921597962,454.795407709352
210.039365983966,259.144978573979,283.583370267105,245.762114305967,424.349114488214
194.962092783479,233.191162020278,269.562930002242,270.251038674144,442.943235213473
185.210435539633,236.126832265654,301.046025448546,295.474240972307,381.180068911709
210.219202538741,252.325908135995,360.589118350218,274.911061559202,429.451079777054
235.353261847919,258.301471625762,376.604156935335,324.669505299506,487.570234464786
176.994237489171,228.27643057402,348.970523644671,336.146494014292,417.770147420896
193.080719877563,205.109182806158,279.017325369595,223.486878447252,479.412842480741
177.902739923122,223.5973134254,322.652480365703,281.792614925981,418.22212143153
191.038621660679,244.300168235743,388.317835315519,328.612334388096,526.60233754639
166.067059845702,231.238337581056,317.513207097496,240.757491562386,457.391846101487
181.744347883019,240.569989017485,305.127104238962,234.35611474235,560.327388772303
184.953654191224,226.374706675198,306.677464058488,297.928609093124,496.501153699527
234.004543237014,242.542832809207,277.866221916549,288.303694812333,436.182942138183
157.466462740798,255.755408878965,189.398666739576,267.541924863519,417.92663994592
193.423479782728,240.289210744464,306.50042757921,318.391208788622,542.677874195082
201.860965863619,248.343741511144,309.648552968161,329.454120998927,386.465468299514
175.898765159015,246.006170441429,277.855634597142,292.199938076647,530.52155513001
173.268873801463,261.328387626069,348.180108095187,322.855096980944,379.989127827659
147.970156524414,271.870898307615,256.003302729057,317.78134412274,389.1348042115
180.107619606887,268.595615505712,263.917347336484,267.261387483643,394.255858622496
141.131159697479,251.516964636713,302.386402774224,310.619865742102,425.934426270962
218.838778998952,242.632135906606,282.609765106125,297.244434674483,473.691050668931
168.402809983852,210.753194724927,360.4737641951,265.638746879312,391.782173463394
181.644953312615,241.960306352599,335.804765479672,311.830083670312,482.887791647638
216.900782023257,271.219338070598,209.767528739173,325.784369152596,525.779185561956
172.191542964478,233.303455174731,334.226756225002,334.829046026114,464.720038489089
194.231048650541,260.392679792476,328.513192423605,289.882649088503,348.260252338606
180.708216406579,258.412758022233,253.11742673369,283.147446068784,388.113594759465
224.625700994851,251.182889692636,294.603389343639,290.606715376812,437.503780308188
187.271232978266,249.825341195772,375.698022649664,299.21834931812,554.829352622167
184.453112111889,283.370412772691,350.676186417497,344.055531844118,476.649290803573
195.081934853331,227.113290261762,372.981390493015,290.140114210302,459.848419132409
153.856222872843,289.014111386298,371.059359113895,307.382884831413,373.415680544789
195.079945093827,273.183537029146,367.736421974162,280.044904252439,391.478534046813
162.841596465902,272.571890112864,321.051181631188,295.360051940747,399.493989410875
186.70837601212,274.862587113689,251.070147889674,276.049000461871,441.570689703717
205.252602685224,249.3840373616,238.992321779309,350.568487553,351.385100454475
184.916426344024,311.656605622338,342.063622705455,325.197591390211,416.33178584847
181.215332949139,280.154292975332,237.149759135348,305.734696584406,441.332035802162
193.741232678478,258.411201537798,335.526732545374,259.004710700087,401.369993410236
204.501141198889,290.682015712351,308.806645629137,291.770890913171,428.416416375848
187.063363392635,257.899546170916,351.238847855489,308.953312602269,434.426914016506
190.597432934429,234.86254539401,363.228307623324,281.548609168729,409.044016673093
150.665260818316,298.806701702738,269.122104263251,265.098461591468,448.317637215742
186.728100290149,271.846140995941,374.092195832369,327.034715788179,426.979909788207
168.923401527336,286.691692234753,318.84541696215,302.034478524103,419.361599187662
168.207423958452,282.40863320751,275.387864032368,283.461710624118,430.860540742636
202.996311431351,250.263047082226,318.329866669966,299.289847663255,393.531589085967
191.354343253424,284.174613320945,346.637360021131,346.4458301454,448.901766353432
154.084755794176,251.226180074947,401.689696433582,270.184438910679,389.040139917016
