"Barley","Canola","Flax","Oats","Wheat"
62.7668197008711,29.3810118962673,21.3523530026234,79.7077972456392,33.462273032555
51.176309519162,36.7404082805763,23.8915445566194,75.5895557188867,42.9747899083132
58.0426160891966,38.7285421285155,20.5016328072464,85.3729884875524,42.4785345850791
49.7275544045514,32.9331421041478,23.0280872300634,75.9807975244889,42.8520848016271
51.6657640376771,35.3314920728001,20.9193170956429,81.6233969026258,40.9126624173835
52.4339669665143,33.4336097266073,25.5449330610863,86.313624800165,35.7660404439752
44.0375255778129,33.5295191494971,25.0598310270236,81.4870415028874,47.4031421273948
47.4779321115607,33.1553641849658,22.3730202911007,76.3725288901449,34.4241611873246
68.8176986858243,33.5580098143221,21.8360409773736,80.3581382653098,41.4152825036976
57.2093149682135,30.0921220799828,21.3979433815442,82.9379773680741,36.0083649045995
53.2764447102248,29.3442458287653,23.4106051237525,69.1306522899272,36.5943709660989
68.0632836302053,35.5925984678772,21.2790467397104,74.7675240030938,38.6828076400478
53.3950493208982,28.5672788862221,23.7611297162779,69.8686946200665,36.8950875345708
38.4483805386335,33.8073130874813,22.5234222518462,83.2352616701975,39.4143249570406
37.9868743389287,31.618694165847,28.2449004458476,78.5968606596634,35.328210602471
45.3542124680309,35.6625349807546,27.112942126153,76.4365603941386,38.356542474379
56.1732094719059,31.079068398698,21.239222114372,95.2714226281806,36.8010447421799
48.7853652593369,33.4169843490811,21.546795029495,77.8989667098047,41.4748220229193
56.2573405382702,30.4470965593061,25.7783372552828,76.6751419032437,35.7972881281855
55.0290114552831,31.926118710868,22.5195679718024,85.7048145441545,47.7194692833941
64.8499000357,34.4988379844936,20.4308631115944,77.2987309137725,46.1366779845278
56.0048827199397,34.2761300776891,22.4851995834942,86.0224861492203,37.2727394656046
47.1423216951371,34.1105382089492,25.031826948083,82.463525519787,39.4757848476024
66.5166651750063,38.0787486608262,23.506220191625,76.5569627971054,40.9520262264059
52.4449302386678,33.5710276154512,21.4548759763373,81.726762440895,35.2149019738014
40.0315797437984,34.2310667834273,22.7358794058408,79.3292043589828,31.3814286340645
53.720686751623,36.1105304168798,23.7043848672277,73.4140832058753,41.2426495211577
57.0393128436103,29.237475271857,20.1133294777026,86.108919521186,44.271259683515
56.3929800826274,29.3177732627339,25.8723236710345,91.5731962543962,39.9926729467257
52.2374682227616,32.5125537799585,21.8424598755649,77.7325573810025,36.765029661694
50.72582734006,31.8368058961226,18.7373741971477,87.5292227136815,36.502278528616
42.8590813948619,30.8133616796626,23.3285901378384,83.8719025115706,33.5920161327295
45.1203748212364,29.6358187052353,20.3488941951685,75.9242274432727,37.6976871459031
54.0120184049276,32.3457085553767,22.7902739035537,67.4538196194991,44.1167656552885
50.7715444897724,36.130788640019,22.1158472211871,86.6899573834096,40.8914645690194
58.8880141921786,30.1031839399304,19.5213090640037,80.8812307807104,44.9385968649088
51.7965733438173,33.4281715707623,21.0613214570209,90.5549977718537,40.9376452486461
59.2377623498368,35.9116399998386,22.3175349715699,84.106595319149,39.4936770151988
54.0938881951966,36.2556675358009,24.9590579482901,82.6338146732213,36.1970196838049
51.3855333507974,35.3781928593029,21.7108102471622,72.9783754902466,42.4211759383733
58.3554243264366,36.838081698964,19.4190164041947,75.8629687099067,37.4060730794872
51.1465553071118,36.1386939897507,22.2086813655467,82.2430052322141,43.01796005903
56.6013406102305,33.3572063738572,21.6802080281481,72.7104421320597,32.2054627073528
55.8679514808789,29.9764196036814,21.8713602227553,85.9629097860307,45.1234497037972
58.9863517556353,32.0597488803875,23.6405266358496,74.2749322891534,44.9464283215964
54.9113004090008,26.5168460906836,21.5799459279072,69.526514545175,38.0808455085219
63.132508889208,33.614553384847,21.7841845128607,81.9360104732749,44.1605834050376
54.8030398195969,33.6986027256287,19.4621240650098,80.4055249853439,38.8135854634383
55.5631427838258,31.1779717473508,21.9824552433785,75.0495993589613,41.4165987356507
52.9897843138115,26.0208922231355,24.1618918533375,83.8371387922677,38.6415352295827
52.3591467164705,23.3215023481324,22.0289078870318,77.8756752086102,42.7104913942924
61.0439397894942,36.0140901653486,21.834754282179,68.046587803577,43.8173610638363
57.0757324193255,30.4875817954571,19.2029629308892,71.0315555687012,33.568869342514
60.2685859098007,31.9475952313488,22.1926590217429,77.3948634998704,39.19092984476
71.2706539071514,32.8251201382045,23.1069335635025,80.8143878812359,31.0689315484644
48.8003459286333,34.5139183970956,24.3031992918755,87.0387543894114,35.0838888996041
50.6200718408964,35.3707931802683,23.3104376502725,84.6469102175177,34.6720491057495
51.1115166496097,35.3603141261698,21.0067064794279,80.6532451145313,45.6780722619513
57.1177807450799,29.4671602924835,21.857958937219,70.1332356320707,42.8910704310005
63.4645233504481,33.3615347467822,22.8152067440292,79.9283153029972,36.9987693139651
59.2155685343465,32.9154250427902,20.8003588470606,75.3750870040062,34.9273652743415
52.9334375097544,33.222523779602,17.9016786314008,69.5842855199413,38.0513108917637
54.94815907031,27.6302172571641,20.5776414565663,75.1567966206884,34.4979663893752
60.5279236887252,30.6644659433762,18.5465425304488,76.9988088848386,38.0289576996578
33.2424082926267,35.3049161415981,22.4683534867608,96.4402758793025,39.144523259463
46.4376674851265,29.1458937749937,24.313136435358,79.4236697548452,39.8972957684811
56.1342164677408,37.5782194305838,19.9280638596166,74.0143018976149,34.9729915634393
54.3706153098373,36.3789159215453,22.6208252506105,84.2703527847998,34.6471333177367
47.2656233119849,28.0713221775871,26.5193693580299,78.4813403233291,45.3610590082938
50.7090076124384,33.9837870570337,21.9741048911505,75.8525032914605,36.6585519128136
57.2995453806272,31.1112854509829,19.3233468786052,77.9040827325321,32.1004243414089
60.2329362076563,28.8263495439871,18.2569051434899,72.7249638502684,42.9202452196021
53.1641327068414,27.2962168537271,19.9908711392781,76.0522773738682,41.4250285749625
54.4764195540316,21.8410254203567,22.9644985388771,79.7353578327709,41.6758785637173
77.0910222609874,24.024950738948,20.1669414303725,69.692148824132,32.3728411847751
63.5395850720238,32.0271754410474,22.7115708373113,79.7056846321172,37.4400521875677
57.16697639313,36.2051776071563,21.5120673494097,81.809552659738,36.1810669651934
63.2984726210107,29.469485694418,19.4569636995419,71.3705098905847,33.9004457325873
55.3408466693199,40.7571840125331,17.1949556370708,71.4356430122247,40.5035129040539
57.066244107305,40.0409894950229,20.9161534028072,93.0655156416089,41.5886127481593
51.8745082691285,25.7249416536015,21.4055396209402,78.3634772624815,45.5337966613744
55.1617253211769,35.0400368545817,19.7878369033054,80.0551831654146,43.3708545110062
57.2713183446422,33.726883037807,18.1649937149403,77.0425168662274,36.9821968957863
51.1561540581876,25.2487311110477,20.0023055249558,83.2100079724487,35.1498146439237
44.431808189032,34.815710423331,21.5152152321107,85.0045280762735,44.339664699565
57.9350564071486,32.7282676625593,21.9325240141663,74.5829702570423,37.6970805176435
58.2002138166294,40.7945183049269,19.872470864336,79.7473818090609,37.4322348968067
64.4244591132778,30.1886133632198,21.7551903919176,83.6339125683643,40.2312032599882
63.3177639114305,35.8081487233619,22.3546883236129,79.0734430362699,40.6115106810174
50.6705887855108,39.7819505726293,21.0051190915013,77.7784057757037,40.5557936281267
45.2791730664728,33.8398859333235,22.6903341930477,88.9775531730331,38.1808667131657
59.8842527371324,36.3922417444257,20.5956137314761,76.5764762049282,41.35633355392
52.7073210576656,31.592609495308,23.07224283362,88.5004268265416,37.3698982113769
50.1003477756452,25.4952459778335,24.027091037357,69.9645782807518,35.9148664644873
50.5560744749422,37.2586626401237,20.4515800507899,68.3352367959752,39.5863058001463
49.9446101363995,37.8076688307143,25.9382968047033,90.6106653919533,46.5043460902786
55.4469020413548,27.6990932997557,22.0186909687081,74.8833987254512,36.584724308849
44.7885938627869,29.0981874315466,21.2018561047315,74.5021438806872,39.13235472929
52.6253179420655,36.3750001573032,23.4008531447619,81.2217498080778,36.6800532852674
56.865604648524,26.9052487243024,18.3376021137741,89.1527285250903,33.5812627754158
52.5620241215013,30.9675243140815,23.08164214886,79.6750158108081,37.5261529173448
55.6569777459056,33.4895457785942,21.4653783987261,81.8198760184946,39.0079975887069
54.1012818370497,37.3862429083432,24.1873116822713,79.4940660178324,39.5045299638361
47.0931279834607,27.4519615666162,22.9217937479215,80.894668894037,38.0623431934786
56.7208283987753,35.29449542551,23.816566207646,80.0346568136763,42.1957885722922
48.1442334111869,31.6620790872712,23.9150338799221,89.1518236469735,44.2026556160313
55.4840315778642,35.5710417215215,21.3167631403102,79.9042894391953,38.3309464114107
46.2343880891341,35.4636569738375,23.5319970701249,83.9896720910488,47.3095506998015
46.193436278626,31.3667726974494,17.1520794768451,84.5796296081065,36.3612285256467
57.2466224497069,42.0949803929881,22.0676526505708,90.5328965170254,43.9776183477506
60.16083975322,35.6807396776274,23.2328927255036,83.5108152744576,44.1834455376436
54.8954621629764,31.9273109169046,21.5623975157507,76.0056269158877,41.2047226803877
54.1864301904187,25.8328147428845,21.8283488895948,86.8571317005465,38.3438437845452
58.8351399323947,33.78550916095,19.9303176024781,65.4945002896841,38.4004241439037
63.1444292157778,37.2484892590678,26.6077839347926,80.5773927055918,37.3639084787076
60.5213928695217,30.8431969391504,26.5686592468556,71.9477506563483,35.4108699941223
60.4495732086088,39.632395617431,20.8153929185955,89.1019800918429,39.5722730392235
58.4397572589378,33.6073879185806,23.4081910629705,80.6643430239154,39.4175717460183
57.5506248413944,22.6888844539507,21.2638036750614,80.6702528177735,31.8853350860323
56.6598444111699,32.3710455845522,20.6555393450713,79.0918326253903,36.6820473387816
53.1839279411634,37.2282358875185,21.0867743089613,83.4784282538382,44.6807332069255
44.8685835870541,26.9031775522837,20.3387776985162,92.6194372698544,38.0125733773154
67.145046456662,32.3066798960298,23.3249923625896,81.7448897193433,43.392149535981
54.3065919152615,31.1089552038965,20.2087635642801,63.0462364861025,38.8793273550519
55.9765376634963,40.8872769687093,18.3548784377752,81.5711792913594,47.5149165313117
56.9654738680213,31.2637978142093,22.2160182586381,83.7838585998502,34.6049027595182
57.7618550391924,35.6525990860694,25.8368591388556,82.5204630142631,48.0723847608553
54.5025163298697,30.04648421307,23.9550858503807,68.1130646602044,37.7583910711194
51.9983126392614,26.4385931719117,20.8110098469601,76.0620895350431,34.8255924901697
54.0269609959006,32.5788108526689,20.6429532102021,77.5503244424633,36.3157217051543
60.3320771388484,30.8783806978728,23.9080988721399,80.2337581333106,34.8881026861603
55.7490588844473,33.2852589718609,21.971936291164,75.0825500351455,42.89219323637
57.0566216890849,29.6193504038549,22.7434607199214,88.9281661710823,35.5787152062228
62.9317298257092,30.7072499732131,21.7940981247519,69.3430132370576,34.6895909885644
38.5136973126455,32.7052219598508,20.5504797392848,85.4756207061427,34.1593110929681
62.17360469497,29.118375760438,19.28867000914,85.7230819065762,34.0970225938661
63.1648637308626,33.8222831273971,22.1692854288581,82.5092309769366,39.8024554401928
62.0497409157601,30.374039927023,26.03822858606,78.9809046132017,45.7506793343429
55.273213657587,24.3951349190861,22.4702766840006,69.2806524091555,40.4887453502567
48.9877750233706,34.5721662003087,20.9851838077298,67.0607629286257,35.1120854242195
61.0348299011039,32.4946720250693,21.5468640632208,69.7586578859721,32.1887328921787
49.8109742572967,35.770688631922,23.6762063209806,71.6944726011936,35.9955030478206
55.8500699712639,30.1096661122666,20.5708573625404,84.5116442788224,36.9640843165767
53.6002533627284,28.3693290915373,24.8088309339934,79.6202528771923,45.9980843984867
56.3341034211389,25.463926774842,21.1928848642871,87.6878548420962,37.5749328414802
53.7586746159811,32.96554227535,22.5152341453553,74.1573754849783,44.3473192023382
59.6458076065723,36.3802628230181,21.7957923296384,68.2201039044009,38.27193436716
57.9224989633518,31.8575737235209,26.4575176713375,75.6431409785744,38.2213176988561
52.356289341367,35.723471689232,21.2588812587369,73.2272861301675,43.2467602532357
59.824580868592,29.8366636451658,18.6137290743201,77.3646180209565,43.558803548747
64.7528322244877,32.8690361460038,22.5837315057644,78.1286315506113,37.8820596773837
58.7172204693111,32.0596145834217,21.5976147080716,77.9247706016127,45.2639870271411
60.2212602966506,29.2066598268229,19.8237065245169,80.6539333109081,39.380818802989
56.4059275340669,28.0722098868097,22.1933277300489,84.0288164231445,42.1783200860834
57.0305439744398,35.3244819839964,17.7507495131623,84.4562551017307,37.173065157206
61.2064643196205,39.6946078888364,21.2448184211385,85.2739011905291,42.3277368396142
44.5538554091022,33.8980927971341,21.5251390519038,77.8823376769425,43.5761894150381
50.8962232898966,34.0849122936186,24.4360427687386,69.701203620792,42.8226394600714
51.9400173991145,33.2185773965313,21.7621221638421,84.4802596023756,41.7685186768295
47.2058051506318,30.2648689263372,22.7437822546921,81.8241247153342,39.9292709954885
55.9357290877877,29.6870037324171,24.2386434110124,84.2067153654442,35.5039353723676
56.995146448735,34.4654737662787,22.1524428519266,75.3197416894634,38.2494596000502
48.146505123025,30.7947452552437,22.5848480530728,70.1398765228657,34.2513264620661
54.4448510706206,36.3698053514028,23.3699862135819,86.1793120803589,42.17114146719
58.1366953460605,32.6662969299185,24.9263034936962,93.1691906348209,34.5791795095651
51.4047714464443,34.2607254677784,23.9427388193101,83.5906565934306,34.3539587514307
57.7314541792734,31.2762421372353,19.5647630012454,83.0152114492631,35.4946977711215
64.2461654249417,32.8644211916632,20.8171299756695,82.0619102299518,41.2671469281527
50.3708034476976,32.3550391058921,22.0301329080287,75.6969972251202,43.3385376446013
51.2603215612319,25.8972827282172,17.5163731443264,79.1014952843339,32.648227924678
55.2284236329452,28.7461560559324,26.0668673252789,78.491789649008,38.6590129242889
52.6228617109203,31.6172799884638,24.0160666766699,89.8634380273234,40.695743293296
39.9457371567905,28.1863455431835,21.2382673738867,75.8137453240378,38.9535949631626
57.5663754215214,28.403379115076,23.8362773497934,90.3100902024748,30.5905517638183
54.5749384031774,33.1780284861852,23.3789527078366,82.7202639035975,38.5141499298376
55.0251560555905,30.3343918243839,22.3312035975204,81.584359324412,40.3500636705337
63.9666895257954,24.4959048274582,20.4753686042522,81.4404905920098,40.15059487149
52.886035585256,35.6707348477899,24.2012641160534,73.8963901860171,41.9417212187408
52.5650280086267,29.754284325696,19.6218742419668,81.7497475956473,42.0194375284188
61.4643480096263,34.3877126017952,19.8382585805935,90.2298651919493,40.0871422604276
53.1578619921607,25.902678784629,20.0647898039082,77.0184625242897,33.8260486970398
50.4818969979624,31.7181359140765,24.3066816060109,68.4751616086646,44.5535794559214
59.3381966626726,32.1773390435903,23.3630523963687,89.2133475124587,31.815131709833
46.0044218408125,32.534500809028,21.5755119532649,80.8847691387272,46.7094073563277
60.5946603337237,38.1791297444994,23.429160564268,85.9070366800123,39.6429278963896
69.3424935375777,33.6937461685007,22.9025361328687,77.0162763064456,39.9379263407015
57.9215664117818,35.02796383125,23.2429180963347,74.238948056643,42.4986555693372
66.6709931770487,25.6537591347591,25.2109543066643,71.6819123207407,41.3288749032575
38.0753407567127,31.8582499943549,20.3958034900554,74.2257368416045,43.1299403325764
51.8435720960674,32.600233380558,21.8765624729517,71.2614952944542,33.3027814799866
58.2893295271484,36.8724662285148,21.646346821471,79.7571212017331,40.1858541740422
40.4959485652285,34.422628923549,23.657048407891,74.5926078128811,42.916241206216
54.659111833748,29.6832797171799,23.7638703235657,80.724217792566,42.3652847710117
50.246452954984,32.2706628841098,22.0625664973603,93.8203035542938,39.8272916610955
52.1306584826989,34.0007340225029,26.4404007899093,74.5755649670513,38.3107472309165
51.1564625486089,28.1153541775831,21.7509977129727,70.9529668511161,39.7985044822281
55.9260836534435,29.2484011034611,20.4547082363265,83.1583623556425,41.627032252967
61.656165318213,32.3016148196355,19.0525768032647,83.8886839525077,36.7654670111335
65.970943426428,34.3266658308185,20.3045099836304,66.7033150353256,39.5443209819797
66.0703072708094,30.4315824574967,23.5951999845643,79.9422964348427,38.1694155411393
52.0360773490982,29.431348474642,26.6852003670327,77.7489636133908,39.6708219354759
42.4173859335586,38.2561484367547,27.0020769660022,90.2355222958506,38.1171577236303
67.1456827218508,36.7501281549348,24.1011139013877,76.460477409685,38.8098806561431
57.1029074918535,33.6688988438384,24.298123836684,82.3035187945155,42.8811094575813
60.527817782558,31.7995627838714,23.5038011370889,82.9806896309318,36.2593130900193
48.4732996743493,33.1584374773616,20.1948362616124,76.3644107160476,38.6399183714008
54.7272617784793,42.278342372183,22.2207421760328,84.5246707753012,35.8485543336405
66.4336985463175,38.5550637083668,24.1552653106301,80.2829974602748,42.2298773839734
53.7672837934487,32.7128226428848,24.1404562388482,78.993055278196,35.8360357520572
52.9511664877098,31.0441215197821,22.2072932783285,77.5513433667014,31.1105101292524
59.7955792298837,30.6943491014313,24.5230453921032,67.8796677428265,37.790303767951
54.0229032701373,35.50788204024,22.0646032910849,73.505791874365,41.272445612533
54.2174120320422,33.6174215619891,24.0649748613783,85.1665395716579,39.1502356708968
54.5551353407622,29.9444854947607,22.2223864982877,79.6035097584114,37.9991045638042
47.1258985213042,31.5310534261363,24.5044976424662,85.6012364687895,38.3092767558881
53.5558243374383,31.3444984848601,22.6234097585439,79.6368482579981,43.2457637311027
62.2140105226954,33.5695031010568,25.1727847683366,69.1271510992301,41.3441392986987
44.2360928568193,34.8405745937628,21.8083251453159,76.161456122205,34.4628484610408
54.1598814517874,35.4364097100915,18.8697476347029,76.9559471939487,38.8719727613811
65.1263758990229,32.173206466474,19.6599483211742,84.2020180312468,38.6247759961458
50.5253822825558,33.2847407128252,22.1766189434706,87.4088867861233,42.0146897389331
49.6682874251098,33.0473425743185,19.7232086565495,75.5526432819798,36.8644783522997
58.1796045743924,29.8033506785888,25.4181091152775,81.2120331628605,39.9644869451669
61.981146773019,31.4870026329991,18.9929071954196,80.0967756194901,36.470725815263
60.0180897483636,32.9940856945766,21.2365695090363,81.8453145769137,39.5836347938192
42.4831042631977,34.5344801926584,18.5854346241079,76.0201052262047,42.7749083857127
47.0446133655724,36.9292852551219,20.9492040538274,84.7456779071679,45.8686964136168
66.5069289445974,29.6987510531463,23.6562831720303,81.7944881394472,40.2390892185943
55.1604807524568,27.0397407926123,22.7898799066066,73.4725616188452,38.2934934277685
67.1203585530943,33.9044689317018,21.6787666480673,69.8111264703653,39.4759818454456
51.0123881252262,36.0589924876372,22.1596917595159,85.572354236114,38.4860144097078
55.2468281760962,25.738814791889,18.2547449430542,76.928521288248,40.6062873102299
59.4960224793912,32.6318663569348,21.3993025318588,75.5028924225358,38.634998077565
61.4106958131663,28.3071778382494,21.1483776175908,73.837298145463,35.974234326451
60.9148005534151,36.6124282418656,19.2081549667262,76.7890579230962,44.6708632901487
49.9370861793033,34.2965760101758,23.9775607226968,76.382534398996,43.3847605867277
54.7199730718917,28.1419221728423,20.9811257458669,87.648558722434,36.3782524619484
61.9535931628353,34.4368672534928,24.2943141663065,64.9288399172841,33.571948598988
52.7934840048249,35.1807319083304,22.4067644468082,73.1414733463852,33.6577320397959
44.9104376917336,32.3307461519244,24.7815063661937,82.8116690225643,36.8039554940469
58.70384722502,29.9043394731845,20.8844745289646,77.4132952290994,33.0900421773795
43.0738746600191,31.2369116169347,21.4033164958422,81.5744491122617,36.1755664135787
62.2763323915649,25.5528990090696,21.3730551958694,67.7934913344575,40.5023520251898
46.4902111381354,33.136362162452,21.1099745671493,78.1905067287614,37.0653855275993
56.3570288366069,27.4241169953535,18.705031005579,88.5013121787471,36.262987228974
54.115335659906,29.312262332441,19.2440977679848,82.2553772216554,43.4396945903027
42.563507181771,32.9195943165023,21.4157751718592,77.0151009717624,40.0440729402203
54.3307285200518,31.6808855119674,18.9078338676868,77.5473616283969,44.1640575837769
53.5055012939522,33.5518287911101,23.0308420211547,70.9139185825806,38.2430721930705
53.3546706831198,30.1534405623434,21.0749251723353,80.0673326457791,35.8659327607983
43.3441172219006,30.302489605281,21.5439926471423,78.7219528356461,41.4431777207659
45.5370983514818,32.9798137072715,25.4476744059118,76.9500635761961,39.6704948732187
52.4463625879257,37.0679480564646,20.5575833326053,73.5430589605147,36.9395138636623
63.6513650433434,37.5508734704532,25.0438778664432,76.915017870225,38.4617958971068
51.2367290238346,35.4583044596394,19.5985550325364,73.1404513802447,44.4953565356281
38.2984025510874,35.5298033209318,21.3027920616897,84.8372424261234,40.0207729011359
58.5694153138011,36.3479115720279,22.9204632322322,77.3095348449282,39.7331457824031
58.3252954459115,34.5102186232788,18.5852764766503,79.7378516265669,42.0330125738693
43.9848919657894,30.4899005605083,21.720017165555,84.109361573061,42.9761603407938
54.256931839083,28.3407520735432,22.2873975845436,82.5135854167782,43.8732994173412
64.6330329437469,33.7941153675175,23.1483329799864,75.491941766915,36.2719007978692
52.164817225039,31.6169710814908,20.1698058165359,81.4167862570097,41.3835917299436
54.6663523841062,31.4200999553338,22.4378599745608,70.9542997446982,41.4106062317529
54.660067351823,28.3621852150583,21.6571012341065,81.8622592435376,37.1189827725829
63.4657224209191,31.3629101419423,25.5813571416573,73.3646685227763,38.8841746398479
42.4160219535259,38.3288595092028,19.5506307166416,81.1428231370804,39.4759108158301
65.7711668986023,27.0931204676832,24.1570383120415,80.4224188409572,35.004502378875
53.0474758614084,32.4919123375392,23.8708482165689,78.8649038101239,38.5684413484027
63.2232889527497,31.3250714017333,23.5527007419068,91.4252283778938,31.4620959612431
64.1171949488308,32.3754897404793,26.5261801898186,81.7239707545342,38.9585696684778
54.4844184816541,28.8093768224125,24.1182345884362,79.9471311490994,41.2537832908663
70.8652805402016,31.4074527242034,24.1391044707334,85.3384341904895,41.2969310469938
59.2261120332259,37.0502585127439,20.330534886466,80.9522705954934,40.8523403806066
56.9157846829806,35.1851826417463,20.9699085239262,88.2610407204861,39.9467180822467
71.655330866889,26.0946826358854,21.2702283207794,68.185778134893,38.3595874031558
58.9857069912368,32.226915545947,22.3761951554253,75.6618314883095,33.1468167422376
66.4258899373958,29.202306679341,22.6453556551798,75.3263849252935,42.0608820462065
57.9751006848133,38.8288532127921,19.2355640114481,72.5966008627766,37.1936806189517
51.5187631095657,32.929625230495,21.6101871952017,78.7749374386676,35.5582249194921
59.5066566547235,36.773537702303,19.4268207499404,76.7949054108436,35.4741050305644
54.9839724498212,25.9744048483362,21.200525531951,77.009397746074,36.9948430440329
53.4576149020964,32.5576370747164,18.6075147512617,69.9633401930136,38.0312480437223
55.5197199808943,31.5385688733815,22.3117747166146,82.7181984411872,46.629036580704
50.6513419616561,24.4102158565041,24.3699017693394,72.6824258971387,40.6957286709924
43.7665664556913,29.3401596027427,24.6472790260432,73.7754462985352,38.8535228400776
58.5723945142388,29.8186046800739,18.8058024159559,80.364753853635,37.2858585613655
45.1077103464644,33.361681776615,22.2528461754247,79.9957734016713,37.4085433902603
58.0548444811745,37.4038322286864,20.2764323266307,75.4777095454807,36.8333951083442
50.0216688078391,32.447610977217,22.7574515248084,74.826557855357,39.5667819913282
50.2667761977867,29.1543797256008,19.0391978435119,86.4798243726003,37.1471399911746
41.4827312125803,33.0584671426453,23.8027152869794,102.692982293752,29.8338910275859
65.247593452235,29.4392980545416,24.0599537803107,76.9385957198408,36.1803794870172
50.2020183963645,33.2666662458526,21.8044924967251,83.1670947030215,37.5537152590269
56.1412807590064,35.9838296513479,21.0911223489688,94.513911222751,41.5987341419286
52.9203953830356,30.4564847018596,19.405015043195,85.7792136946452,35.365165148958
46.2396445400103,30.5095109414447,20.087981820341,89.5008598326897,35.1665961701391
63.3112176900896,26.7882675966342,22.0650676473089,81.2863473667285,38.2108875465508
64.2004016346328,28.114159042626,25.1341002068601,76.0548153659321,35.9292964953857
56.5667271245726,34.0076987910078,22.3504462364912,70.7020221384236,44.5568349384108
60.899177749748,28.6020488330442,21.4707106637259,82.5889781823478,34.490422375637
52.9676136166691,30.3414611395834,26.6592159146829,81.1748789045481,36.1383814035339
60.6962215000143,35.1891111711919,23.804935390358,74.8483150875718,40.4021809993426
57.6633021180743,24.7040261545466,18.5309697489791,82.7407045356126,37.4764862297552
49.2055510921422,28.698216016398,20.7848907946324,79.6351286582893,37.3676885208109
51.8377157688078,35.4916545827686,22.8454970482361,80.8948220799782,41.2219768299589
57.2588629531533,41.4040961060003,19.9535613059643,87.9857724494695,38.4276895175012
61.7396953350704,32.5565275124387,21.1920790980855,79.258109749306,43.5262029554824
57.8082888281398,32.9110135592104,22.6169858329925,78.216711111003,35.5621594862812
53.9400185363452,33.1104114595445,22.0239189978305,85.9885499985416,43.011819750074
54.285760228822,37.5191043539705,23.8055477978362,83.7306110599179,41.4864812083609
63.472838410658,36.9085556707296,27.8790242188909,75.0287387103968,40.1365600126118
67.6073327126552,32.3922303392558,25.6790580825386,87.6686763357116,41.875839579576
55.2090608174731,31.2030449785763,22.7856328988268,79.0830580143259,32.5524945260098
43.6928618485838,39.2402584688071,22.6148329331827,77.7838447124687,41.9095037031231
44.8466740133818,32.0601019416716,24.9648005703268,93.5368760593029,40.9893847856071
64.917252296272,29.1890796705116,21.0794748337133,98.1590301193349,45.0225974428975
66.6268000781938,33.5631081861595,20.608220734644,86.4665623624802,35.5884504583841
41.1923999110736,36.3189346156363,19.0342029846508,74.5815731982521,39.1790499019274
59.3378456846912,34.693934893225,24.5939548146428,86.5003626635909,40.2641272515481
62.9113702087966,34.1672259386766,20.4221794350361,84.8825531134509,40.8717195269174
42.9461666889516,33.6483349550345,20.0485713618609,68.7461109637086,38.9657596107751
51.1044709350443,31.9564518868834,22.8357768458018,86.8537197356535,39.9457331624601
50.0250058625735,29.155459632063,24.0166401416645,75.280726854632,40.8437938640346
45.7873047410496,34.2694871731314,18.5311603383119,81.7049505402141,40.8877986955755
59.3719495802507,29.2647626447273,17.7941461734239,85.3417422016655,34.245337630871
40.8270925514463,37.5790430563094,20.8119789325051,78.6837957652039,28.9962562240193
52.030297308926,23.4659718007277,20.0437925337587,80.3256098487301,35.616188163182
45.5424830280214,29.4514353880179,23.2759127380483,66.8762297333329,40.1580983452266
72.9253217058691,29.7611339181659,20.9261502221281,87.8417554987999,40.3464220974899
52.4804587798775,28.5513683050596,18.9414475539028,86.3730241498748,34.5285805223167
52.4363432304235,32.4859848052796,23.2109139455974,85.0810809115415,32.8044260932652
53.6232238173526,38.6619718816167,19.7723592035129,76.042681673328,42.7499533345641
49.0549533895957,34.5375886385417,21.083624536264,76.2417559148959,40.1603373184747
49.7564018351275,29.275235383053,19.790543568666,72.4473926515395,41.2861004507348
61.2081403791954,35.1002938719899,19.1925317080467,79.792197721748,41.3295958077254
52.0869000859525,32.8130572248155,24.2403128402084,78.4751529442828,39.6711678647157
59.3463521809152,30.9206549948364,19.7458841175068,74.4609003167591,39.3230784165137
45.3896115955741,32.0731602583578,22.0456869807862,87.0072014788229,45.629849965622
55.5298213256344,36.0557591947585,24.6722888113052,80.6874949405957,43.1482430150066
59.5161051847878,32.0637462585598,23.6699526660507,82.1425888922158,35.4871361567108
64.9416381318417,29.8928223324478,18.9455937864089,76.2511839260966,34.2867554792107
58.1540119918846,24.1531132345424,16.3209140582,88.3031784197272,42.5965742863556
55.217654149958,31.4880143523306,21.3243730608067,76.0337024428756,37.5654852900119
58.3187741475672,35.7087602528841,21.0235298242109,71.8782572828041,34.9204396013136
53.577953158609,35.4966466275178,24.120421046212,84.4462752033868,40.2814856132749
67.1196400824065,31.4617108624714,23.2340494520705,76.2916744641122,37.7188248755392
60.1000200547779,34.0472811927606,22.6299295241437,72.0853605673537,42.3457268492213
50.1115056826786,30.2618415586653,24.1062160952777,77.9134596790123,39.6662893401388
50.3986269690961,35.0868398149412,23.0372685337773,76.2739121682356,34.3324759999082
47.8276575628319,24.4271336371547,21.6706170251109,69.8324270344005,40.6573637724194
45.1072422802846,33.6597947951615,23.6355203571904,81.9425815537583,39.6062651697277
54.5071858676064,24.9731792957894,23.6939067473523,73.0601241844716,46.9873155039326
54.5057149482989,35.310514582661,22.1564431058604,69.6388524489059,41.3839984915207
59.0957997444096,35.5154572207118,19.5257504624771,78.9618413999806,43.3928086197015
64.9033202102082,29.5487600485841,19.7009277065385,65.0768196550674,35.8045168097577
59.3995815503309,30.4185586250355,23.0421609541954,80.5222631035002,39.7946603020801
64.6618418991396,35.2962488787412,23.2190186646554,78.7263559710262,38.7074207702449
47.3744093506568,31.3800771934807,21.5010079939932,84.091371541091,41.5933531028775
57.9987158104985,29.5017577533951,20.611025378612,78.0140387438711,39.8360500772929
64.772837008984,32.5722284224205,22.2276055590579,76.8302995183028,40.350134382447
45.4078625516568,34.8583919613903,22.6234460499884,92.1805036848513,32.4615563433484
50.5281630630819,29.4821590236304,23.1374936254981,75.2886285571985,39.1439789859844
48.0187580589554,35.0443384734694,20.2677356978769,84.4997515037104,39.2931365435547
51.5862834517065,29.6894195812636,25.1242078940222,63.9883126670471,44.5652878652378
51.3442153400031,35.9478326151355,22.994178220082,72.9794405542242,41.775540250173
52.184269884692,27.3166517716018,23.6140166699002,79.5518955993194,40.4358840533222
62.5179159301969,37.1203701933462,19.117816252545,74.6335896448582,39.0300120333579
49.3098147110629,32.5779861025446,27.3411129906835,76.801575753659,35.7365115992956
45.9345605083831,38.4397699883003,22.0682451003903,78.5281843294286,36.4203916780541
60.1036326260619,30.2816484536933,22.1083954623175,89.7859629468726,44.7767943111801
72.2613262138166,31.3661201635115,19.9236929163611,86.266433468848,42.1211821326296
50.87663467301,33.4599003207422,23.4839121261679,94.7741326462526,42.035914812923
52.759516666707,26.796649264372,19.0841228632713,74.4014804538858,42.8344111468536
52.8371365290942,35.2150175368089,23.136425728287,85.3036759269772,35.8600354752191
48.4669214183163,29.6616157737804,21.1340452689331,78.6121771851703,43.8363189448392
54.9424024422823,28.3812377198394,20.8434002573404,82.431501511941,40.4517329921591
49.0828496443259,28.7179133246979,23.2674953947357,74.986035540197,39.9755108260635
56.3021938795694,35.9615885400733,19.422069918407,80.0697610230127,35.7032916282854
51.9883791028718,33.2922036542041,21.1333629029457,74.9837495884234,35.3090647371353
65.5686520582948,33.5798327453978,22.5808010643842,79.8581385448146,40.0852976650243
58.3441022315633,35.6453810489916,19.6176225684861,70.5990271535927,41.8935721675021
58.9795206152888,39.7747760271806,21.918913875235,86.6975343503481,39.2403968509141
60.4238967297042,29.8773701946658,21.3566162792659,81.5244415051314,40.0672089103047
59.9980958781872,37.6233710990802,21.0305947861951,76.4479443741359,41.8632670733542
65.926655611726,33.7376953283065,21.8022858251207,90.8217912853278,34.3098845919425
41.0964464540042,29.522741841519,22.5255694266413,83.7324393248986,39.2851636355614
42.6615474851141,34.5079270242424,23.1044504114228,82.3295347775882,37.5123278593126
50.5251409820417,33.9196997029969,24.1245488328304,72.0915398465959,35.2800182109831
52.493776899402,31.040976844361,21.3645916803143,81.0083634376472,41.6178325730543
55.3312064401334,25.6403645091359,20.5953239981241,83.9154782338303,49.0449876762245
51.9156322229735,34.4748919547177,21.1072221040716,85.545082634489,40.8735624971876
56.6147978937711,35.6647325565791,23.2866300892012,87.4853832876538,41.9912901857988
49.5881681518792,32.9785565580376,20.6135284884515,85.1649318058711,37.1228012181107
63.2099083188126,30.963150864524,21.0844546545095,73.7449428592331,42.9184979679984
51.7404096057802,40.2124096999266,21.7504359319831,74.3092452280484,36.3796123476884
57.8380272978164,31.0876865239448,22.3941655378698,80.660717013852,42.0315011908658
48.1358538653406,31.3846523546824,20.1332725897573,84.5131699081005,41.4453550683361
52.2186499646938,37.0898757422908,22.2291847895013,77.5288856317821,41.2445850971911
65.1639263704137,30.6464863216906,23.1192354582339,83.9282002562762,43.1459121749846
42.214978582556,31.8833436994002,19.8663956924371,80.821767905727,42.9969582619602
52.0991653574374,35.6036601870558,23.4185940064646,98.6159867460933,40.8716497950065
58.0725553161453,29.5728548150391,22.0406292831049,81.2527312845184,43.9660246936671
74.453129944317,28.2299703472994,21.2622509908812,83.4724671582977,42.8123246007885
55.5822324926615,38.1278421356635,22.1993629857638,70.1838317026764,38.398786004616
46.2630354265147,35.2823309751123,19.3509909680445,78.0499562656242,38.690178350961
53.8845876685363,31.566432107912,23.8445079080226,88.1915816071614,34.1840667763601
58.1378407476869,30.5731279859744,21.7992670377792,84.4882019263747,36.382286506103
62.133005723218,37.0815600520048,21.152425178649,78.2959117963207,38.858798231668
52.9173395734978,28.8831547422892,19.6302262054883,87.7069789229169,36.5096303371348
53.7297979262085,38.8956889632565,19.8853370891577,78.5594421076282,49.5597463583146
55.7221802245461,30.292879188816,20.9550577744142,79.2771422860402,44.1727001257657
58.3461754955465,33.7387765370862,21.2831108217299,77.5302302542795,34.6440656293932
52.5950029285466,25.6699687300454,20.3711105007968,83.152936194618,37.7477836828668
57.1015684744136,29.7446364994257,25.3301620463838,80.6856101859249,43.5800101864994
55.9071571426608,36.0213659821164,20.8844132970914,84.4960332531177,41.1822967892038
64.7484518748812,30.778306098653,22.1099402695445,76.9385937628874,36.5583010261792
52.5998041503474,29.2651432865935,20.9279876736813,77.4227661312803,38.0447959758839
37.7528533450674,33.7491767134277,23.6619463532528,91.5952402917095,37.1996265784011
51.4628613266538,33.4982863482809,21.5429139065805,76.0981253442673,35.1066471264351
56.6354342233969,35.1200191070292,24.6285318227183,77.9591728371054,49.7662905539807
41.4780751285219,38.2988655819594,21.4697347523017,74.5755155669584,40.4444317999544
57.7827720231919,34.8936927179488,21.0643441675405,96.8838922446429,35.1759742486618
49.8213585110769,34.2222324543023,20.6606791976942,85.7233524081951,37.5114462783535
59.6806246577182,24.4685025899947,22.9577246150486,71.0336809401299,40.1240805391133
70.7376232012141,31.0553287697181,21.4057110484065,68.3326083671207,36.5803327835552
50.8660837137824,31.2408131355082,24.0139908554563,68.8468192580794,40.6438546989675
62.132957996682,27.0247743804307,21.3727214067492,92.8780545206083,40.5745728550027
51.0358198254368,38.8279467653463,21.142802782797,77.4291531763505,43.2574410436145
54.7783756612177,36.2296038154996,23.502496109644,80.6571280140744,39.3314942768413
37.7053303403217,32.6599800873066,22.5306957956199,77.8561341839702,36.1511756011686
57.0287375653955,36.5919698325799,24.3785615038796,87.2439101355299,37.4984760538289
55.634194122019,33.4739263137852,20.1469929950784,62.830418582821,35.1214314018842
53.0089917447026,30.3890565619389,25.8768323901971,86.021272342107,36.9441422163487
56.9032737632799,34.5817985852988,21.0706555885754,77.058522159535,40.8332352569034
61.5601547402865,27.7943740964347,19.8585114931202,75.1712909787884,43.4734037850968
51.5980710710741,30.5355486319346,22.3990856235915,71.617966667139,44.8232949340625
50.6797737684954,27.7046330847751,24.0796728793146,76.3018993633225,41.6108010295769
52.2757062127234,29.5717462662171,23.651076377174,73.6460460478948,35.9771302129994
71.80400814039,32.4181484357271,20.7730508738155,87.7681017147822,40.288750309001
48.2354986624824,34.0396793997284,22.1572299849531,82.5167566280543,38.8026003303136
49.0397870896112,37.3301399176269,21.4384778493859,85.4090400787747,39.7783701100204
55.2714168602028,31.492150944474,22.7728372540362,82.3579503249202,41.2241053116522
40.818436882149,26.1402552742377,19.2108756034817,73.4161870518454,43.7134376526536
55.097010105793,25.6210620862162,22.8459643514824,69.0894944207234,36.3277343933407
55.1122347735735,28.3863978636616,25.358196222818,85.6792995969745,38.6354215773852
58.9642900983114,36.0640485911998,18.2461925480455,83.7126557500077,39.3242441377381
36.8292701818245,25.4874945728681,21.1224766627216,87.2227136932885,33.934635157018
61.903561139863,34.7188431882112,20.4751603833264,75.6297310845362,30.1122025673392
63.0011611644482,36.1640754298387,21.7682045359146,77.6832554194329,39.713854701515
58.7591976757343,36.9990185107159,21.3435379207401,80.6444933700311,38.6600260208318
73.373815937328,28.7929360089804,20.517901310268,85.6475406074712,42.5502540943623
52.5036400262839,33.8247979206785,24.2715347415242,85.2603376482364,37.6047564781671
52.630147129649,35.0525451688933,19.1481703552123,81.659509802023,39.2994760525344
65.7784653099466,28.9933954979642,21.4244278968623,79.6500777212885,42.2412142183158
53.9592491960648,35.4380251194149,21.344853449499,81.7546229479081,37.4998430577063
56.9894975324236,30.4858569619262,20.0764524407615,70.6453097576765,33.7938165458735
49.5550402271229,31.6137245695477,22.2820125364733,81.2336912793222,37.8638353862728
55.7069974013054,34.1694372885278,23.959966776803,87.5199925154319,37.6453806376193
51.4126178741425,35.2632791022261,23.889215539546,88.2849355277437,44.3386194351765
57.4355334668919,30.9312534304423,24.6678652182537,87.8548905465452,40.869912459604
54.6003044010972,33.8331067357681,23.0673885350493,73.5503590653391,33.2768396406064
57.6153446575763,31.8597074292925,25.9591071454412,76.9997450111368,42.7759354251566
45.1146062785999,29.398199805797,24.1918984318573,84.943254810299,45.1596728774339
47.752589301236,33.4908182555533,22.8316629323299,85.7541992179165,35.813692040009
36.4304425680461,32.1189277432598,22.1900155763864,78.1302458790184,41.6761132854492
57.0188095641751,33.0846835131098,22.2064956212443,89.4563680158317,41.8153284241861
55.4456289056222,29.348372916478,21.589353798426,77.936268660446,37.2860296130809
65.6403512760805,35.9698965499195,18.6895723061811,88.5914228246294,44.2142454921922
42.5887852740438,35.8671615620423,21.660368587518,76.4011055044632,35.5075466458183
57.4107483355288,32.8602422380687,19.6929229045608,82.6365884948579,42.8990484801916
49.770828819318,31.5075049025446,21.6414228636038,74.3110131977957,45.5102072563601
54.1895250156527,27.7475551602548,23.1190654781181,76.9608972990194,37.9423138507911
52.8331192031023,28.1858808085161,21.0395670240126,78.6775938099682,40.3862595280141
45.0014466645202,33.79290282229,21.8626876194714,76.9124702157061,47.5302107808527
51.0933202795182,27.0917549585071,21.0686833880061,73.0420668848773,37.6907067485376
35.6119043523589,28.4423452235653,23.1227548148593,76.8836608682993,48.3606809420399
61.0167410291438,29.8549915027078,21.2308479342468,89.7265188702905,44.0093287742716
48.4516088519311,34.7375010582263,23.4656724151462,74.0673520555775,36.5682833225422
55.1994312430732,35.2209360102109,21.6919351095623,89.2034814168533,33.7575896314488
57.2479812667126,33.8592304893687,21.8252426119075,74.0558420053659,35.8777162588995
52.3398364823758,33.9670751248918,24.9644785791993,79.7017853467384,40.2255570927166
46.2369474744317,24.3967359576013,20.0194449714076,81.3167462621367,45.5099089494173
48.6157535452361,39.089820650673,23.0117863619867,83.2633454765273,35.2918531116902
56.290364948011,28.7174496711905,23.6980221460386,77.0702298258681,35.0040367663388
57.6172771981928,30.1920132740333,20.4657812980985,73.7159261568951,39.8248349337112
46.8588053504083,33.3975228876676,27.3337803371118,85.6735775343606,45.4733995749712
54.3371209969924,32.3091757531347,23.9956691319575,75.7675621587986,40.6029551159135
52.150799739044,32.7855146261745,19.5242022640264,80.8046396626555,40.5567266412755
55.8672673228966,34.1422623211236,19.8737381943742,76.0957075107877,43.4069947167933
47.4522772201959,26.7062896933783,18.9222453395279,81.1327694253023,35.5750109482112
53.2339832065768,32.720374541488,21.7235705473501,67.0934891197713,39.5217284944763
38.1266880488254,33.0499368413093,20.7943540437944,82.4334167624972,38.6541022628063
58.3393179135435,34.6982375998896,19.4744987735847,71.7141508554317,41.3713190434453
62.9921213061881,32.7889120773129,20.664890162404,81.4560537030629,45.0906408425813
55.3831229732994,35.2940525477054,21.980678214923,86.0293155448905,40.0397338440334
40.2331316937773,37.2592423681323,20.9260909564822,80.1417877080441,40.9539873004141
51.8647948004359,35.6512947830832,26.8738885125242,73.4229135861041,38.935037967648
58.6576058655144,21.5925301391163,23.7352244659121,76.2783414494068,40.1620735993627
68.9872005736918,28.5723271454778,17.3257503823948,81.7638313800708,36.3975264140775
43.0074492450141,29.7836663575192,21.9028338253667,78.0457885687596,39.9439111198608
57.8514380346709,35.9052813980837,21.1333283721744,76.0929877309608,47.0490193779889
53.6668740822012,36.347872514687,18.7294333096905,75.5091878453969,43.1688986995296
49.8507778865617,32.2121954219664,26.4058408780046,73.8332409898006,38.2600023567101
57.0506846194064,22.2040213224975,18.2521467491813,78.9045091285098,34.1700263291351
59.8167548645217,35.0929149319395,23.3445619932245,75.3082475688186,41.975011189173
57.0938959019035,33.9389610619651,20.7642181750257,82.1543282123063,34.6340025937419
59.7977130483513,29.4797030715937,24.8454878372951,89.426505223203,42.2371883716681
50.138112827661,31.8218604122525,22.6083711056291,88.9515024805869,40.4608751026811
67.1941232543291,22.5368095856142,22.2703804812384,79.9480396740669,39.1993055811524
47.0547560220105,26.301767802823,21.5199975633851,77.0743067522356,33.9813286159906
59.6350273241439,33.0583356937778,21.8568507687924,79.6468775380148,39.5065403516618
66.277711704052,37.12520540344,24.0333513144627,83.3357420549651,41.6119515600516
60.6322504728647,35.1382524912088,18.0038354965692,80.4608575494195,39.7188609021818
54.9436009282624,29.2338227459426,20.4335332722499,95.1566745470645,40.5597120013028
50.6814229248579,31.2759326919197,23.6880579350344,70.2907161876493,44.227316367973
65.9433833961127,36.2622602717509,22.3312118318226,73.7646695156377,39.7972428762486
58.0794050390507,30.1194616660075,24.0855883347721,77.2590762253258,42.8265771238716
48.6425228968727,43.5001383782325,22.6610932996444,81.3863323765322,32.3431220164455
56.3207479316622,31.0213799842019,23.9727388173286,72.3088915612096,34.1713976233592
64.0840169809631,28.9797924495699,22.2471431294458,77.6253181831456,38.2456110014749
53.6461145100967,29.8326464933961,21.2833361665596,85.7478298891297,42.3157687001115
56.072384379258,33.7423867850343,20.0040920354532,102.359527615073,38.6245538766105
35.5443048617178,37.0839844422504,23.7716471340209,94.9512716165965,40.8795504641039
52.8629238232435,36.2252205119614,23.3436793853892,80.4893414410403,38.0040258115136
59.7577027996124,24.6061133337836,23.3038019930432,81.0249417259287,46.6307734525808
63.1956816228005,32.9464074005064,22.2077161815887,78.0711790329327,35.9681371046505
47.4323107407753,31.1680889723792,20.75787945425,81.7401857216186,37.127003204262
46.5551721418734,20.6534870198648,22.8402093479515,82.1492434254926,39.3567992481529
40.6874527529846,36.4058454251568,17.9001391560705,72.9323665411032,40.1547482780947
49.2506303461933,30.5468096266362,21.2772636834854,66.0953194935534,35.6584460256041
52.442351344718,31.0237284067632,24.794329582832,71.3306725115523,32.1088149856703
53.5304740194171,33.5219130514101,21.4319324410277,95.8665406410516,35.4321664832206
45.5017205851093,36.3946062162888,18.6111384589354,88.8994330772762,39.3807660061524
58.1611406123702,38.6139540856788,21.8968568809526,68.1130558882479,38.1537950727108
56.4741241946986,27.4231879272631,22.6214329214754,89.0519708226986,40.5736608194849
51.0811667344486,25.8237110386758,19.0136715548318,68.5112474959913,39.5071709117416
45.7058821522369,37.0809665801561,19.3807664452197,71.1911810708144,45.0555140127805
47.3186645254393,34.5407290996964,25.640841827353,71.7472621067319,41.7675346284333
64.2071709016294,31.7763380903398,20.6892004729157,65.0808368530294,39.094399570607
64.0680348896308,29.8396807537173,22.0717580369375,84.0821301963729,37.7887118054919
55.7582426707997,33.7302335677849,23.1312864863133,80.6706562444799,38.8777510445326
49.0337437093276,24.3011446999583,21.5672934971958,81.2801623272654,34.4262351327982
44.0137410054888,26.8819368387393,22.1553850224364,76.6248404600919,36.1334716782941
49.6254091361511,29.1894670869054,21.4770008376503,90.5073717100649,36.2512834370324
70.4915680848975,33.8235054418872,22.4266970263105,83.0313110007618,34.2539753346966
57.6446532145182,31.0510262242546,21.7980157576061,79.6246751855344,42.2861529865108
60.9104115654599,30.7346895081804,26.1619927381376,80.8797462056191,35.9828411484003
59.5252968360425,32.3550931000004,20.9798635585922,81.8055246403358,37.2422099980897
54.0844343179716,36.1852713839254,21.6789476742596,87.7974212680234,39.1633386190562
52.0096830056957,22.7246817467211,22.3165344452863,80.2704941204052,44.5985889813981
48.037581072393,36.5745779138324,25.4622616533234,76.6515200186645,42.4825312826213
66.1215890320057,29.0767943483929,20.9876357465276,91.4238941475792,36.3208050697765
56.2335281511275,32.7740929050196,25.2812746582194,69.0493222702249,36.0403339016169
52.0325711212972,28.6214919697348,23.9917308736038,73.6197069118353,43.2250539732723
54.4094306665348,31.0157111414483,19.694482493101,65.3875069903562,39.3667788935786
65.3685587962023,34.5207618861386,21.9362908556129,73.8248832547688,37.2729593190547
51.3359511483032,32.7303832422893,24.7477472309657,84.3844059647304,37.8520680710124
43.1860239940279,24.2242192722958,22.8005312743258,75.6623137738029,35.3841953926832
48.0458582228296,30.6234913264948,21.0861130023715,73.2113297509121,39.3113355621347
44.8994221890033,39.1725451692416,24.8023392966657,81.5505651088599,44.5143418558156
57.1891285551201,31.57638309929,23.8956669345381,80.9130006143079,37.7774468168388
62.8221915398375,31.3098866658939,18.8205450050613,86.0026245227799,39.4228400631516
51.4214561541729,34.0299914926443,24.1354171089915,75.1908147665614,42.7156135702375
53.8556267470209,33.16290131399,22.2872994959321,91.6227375664382,44.6120221744505
48.2406518954484,33.6374436822775,21.2671075623858,92.8563822588691,39.4026155947807
54.5584458990005,34.7486472572077,20.0247566592961,78.0982138768683,38.1874133782403
57.1345301301093,38.2026011754839,19.0846315933511,80.867820617759,38.299210129
51.0919456723714,33.5827861264973,21.3633127676407,81.0792004794787,39.6872353477047
65.0206929382296,30.5445798828804,22.3480348212176,66.9985340855606,40.7078096911364
67.9827749234306,30.4934660815137,20.9500853732026,77.1303705730251,42.9852642050672
71.5648060565521,38.1258207077433,19.8470368566663,72.5826541608525,41.5599446787966
59.9588262848107,30.2879511550789,21.0934664715915,83.6100245515406,34.9008545066895
51.0525691432462,31.432448370177,19.9420570441212,83.6605054094372,37.2851772376647
50.8800171399921,29.8143981723669,21.6986989741292,86.599280960392,37.9690943314491
55.6141892273252,27.6770586674996,19.0679779683341,81.776548574315,39.300634102193
54.0532979213716,31.3431667291666,19.5038737815072,88.2236075417132,39.0628319811662
63.9280874391856,34.0152025123468,25.3490735998509,87.4285142800355,38.1261907783238
43.5100942464539,39.1090523904781,20.9723486840837,74.6784736155061,32.9681677060568
56.0529183554892,31.6889986987978,24.3432019351161,78.1476290544939,39.4576787297163
59.8936253133867,32.6709941386575,23.202895417031,69.632587012845,40.9329741888907
42.2019196289037,32.6563523057683,25.3225716146975,71.4278783556568,35.4800298616303
52.968870401295,34.068740438833,22.4776009488265,84.245706582232,36.0624506767498
53.3227283191639,34.6516834757258,19.5796026091168,70.4119567918776,42.6930143053157
48.3640387139335,32.4949589019378,24.3525180185104,77.4356357331623,41.9165976315265
57.2853888850027,28.5495544842444,18.2405227477204,81.6661052743195,39.7160284733347
40.0275931721711,34.8513381523496,23.0654010759953,79.5175685233333,38.0617583379206
45.743718493752,23.523261182205,21.8129565223355,83.051721360768,36.9259951097599
55.9771653949823,29.5291000657986,22.2962701002426,82.7551006536472,40.8541888503099
56.9915265446428,34.1474694081067,20.2474890505695,81.9854939699711,40.3302887447227
47.4554892986972,28.4347863468428,21.9310428158084,81.4368619180462,46.1107029421813
52.8118780264078,29.4245962336833,18.7583869529446,88.0655402389607,39.8369962775293
59.6226519714568,31.1707739455237,24.8578847049617,85.3371110884706,39.1129746982874
59.9697465691776,31.8719246115165,21.1840793439825,78.2212102664868,38.5303463587683
50.1595653709955,30.3643011476028,23.1683191396468,82.0000170796734,30.7789123048429
58.5167901872311,33.2737356890848,21.8121277250189,76.4446402756689,41.6338093939238
50.1564562010529,37.783620224817,20.0312687893778,70.1815028986351,42.7402952867964
60.2071140240899,34.0816356417936,23.9810402567416,80.0634845355748,41.8796615547642
57.8865610313901,30.572325562436,22.5517920118722,81.6375283539916,40.8091026316243
51.3137655100128,30.9702980217154,22.1876315329773,71.5361837335181,43.112369050066
56.813427138247,28.8519146111201,21.15453253769,80.058936698556,34.8123548687384
43.5968384114436,31.2338654000435,20.6295865335917,71.5589083751878,40.5307239422902
59.2608891221001,29.5477313756576,22.6353429553473,77.6754969824414,38.0843451729914
45.6061953183428,32.5057391515074,20.412698533674,81.3361005596,40.8295732522405
56.538663797888,40.3640622348843,20.6950725196586,76.4202073692604,37.6163102565357
45.4779043358646,36.4643355836366,19.8155361725333,92.5564606253438,41.9862584043971
64.9384642795763,31.6446202740666,23.6561866759301,82.1800866837975,38.7236533766627
47.7435627998091,34.903249055378,21.1958157834171,86.3935190612017,39.4694267101591
55.2527780472861,35.2491923301848,20.6121964145252,83.0826948234811,41.716215536187
49.1839064267429,30.8929855919242,18.8358568454776,81.1097022027295,36.5135390305153
60.4554142959156,35.1590597995817,21.5156276677949,86.4683251315102,38.2842014023867
61.0700012151627,32.8781415536181,18.8984626233819,80.801646719497,39.200626513764
55.1456261230839,27.9287409783188,19.9422641290134,82.6340370740749,40.7380869235381
46.304353191606,38.0354005030735,26.6613438259356,73.943386655091,34.8764509452537
65.8636086098637,29.0571057623499,20.7922321394696,91.8297935339206,43.8179284866845
59.189780455093,36.122483695235,27.4886274688364,79.516001262087,33.3800558911268
54.3192361142879,32.6227132411628,14.6545043766781,80.3097559478946,45.9578884846384
46.549638676837,29.0050601399065,20.3008849850475,77.94121977675,39.4068686841776
51.8768221411336,25.5304215058314,22.2261838920738,82.4594947887711,38.0033235792047
61.1653266097076,35.0410156141818,23.4517330986649,79.2605937834467,43.2655260582962
53.0780931273977,35.8108631117995,23.0933974680814,89.7572948710839,42.4474540909063
49.0883175174593,34.0490749945153,20.7969345697315,72.7221244341116,41.5738928055851
43.2138218765484,28.1897937198129,20.3686168517629,77.349641869071,33.3084665311096
43.9637844162048,34.5822153499799,19.2726957971614,68.2341724954787,41.8548595443113
52.3444593578163,34.0858274510653,21.1295875379192,66.4838399048059,41.4568397832849
54.8302323928982,32.1288889314141,26.7700849206113,77.1122487213749,39.5300037804632
46.4946408483047,29.0543027298626,21.8667769485447,98.1406171421663,36.8164083687475
56.7726591020855,27.233729724942,21.5448849467646,80.8138734373431,44.40206282176
58.62441307466,30.8427405755309,20.2825254487561,85.5040304739999,39.2467858161593
58.0889249103689,32.1711294721131,22.3945333439552,79.940970846172,41.5221646002326
53.802326184318,28.5253036982995,19.0195236982573,87.4700079040219,44.852150203091
55.8778227682801,27.2795829532864,19.8811971391653,87.931040133019,32.065168323684
55.448235583502,31.0630475640938,21.424280486795,83.8840735045805,44.7410177875684
45.0373273581676,33.3097254299941,19.9797702027452,73.5001247366634,32.1146168371823
59.7780570299662,33.5576659868864,22.9219183080255,84.4830310094692,38.4825479373274
54.5351395278157,36.987280320769,22.664865736651,74.2682862487422,43.1368926635039
60.297342655218,30.9804796462845,22.6417864246442,71.120959184351,40.7895717374213
66.6864537297902,35.5711330484613,22.7494963163819,74.1143254449755,40.1913941183242
52.2485381105052,33.4288835749175,19.4973133690626,71.1101134086176,40.6387961418808
54.2102953471564,35.7689731034356,20.9293796697635,70.1649893207029,41.1426276222865
50.2525528129733,32.1761189390507,20.6227288430932,70.5459605787558,40.5698991923831
59.6851038049426,34.3145939768507,18.3664953349349,81.4243536983251,43.3510019884025
56.4006537621131,30.7568318740516,21.6246068713308,83.0791388205178,36.662083202183
43.4401913003103,33.3216818381651,20.7916544859035,80.1065361355326,41.0880353468659
47.7286305294967,36.0594777705721,22.4017565015549,84.671696382095,38.9744656582795
61.9328795572167,30.9622542312072,19.8942466623108,72.1262690508852,41.3754930846776
43.3648610950579,30.8988550693761,23.328672796599,82.6507926309779,33.723193358983
53.0872381425843,30.4149202899269,21.6251668693814,73.504439333999,43.0805585432111
57.753211775811,28.0898947073627,21.6457740420571,72.8597981726358,40.8731345407994
53.0543408108007,38.3122095252809,21.5539257713077,87.233906903708,40.771280309864
71.8198671066461,35.9122964503129,20.0260397984227,86.2101073587556,44.3115643601776
53.5360438990818,31.9140544988368,25.0031491880194,78.2829625056058,34.9072093872612
58.7398441855708,29.7078041780659,21.3127252647507,86.655272330224,44.3779286947525
53.0875350294025,33.3380349442201,20.2254420838357,79.4922269844312,40.0857055926424
56.769019025801,33.5491047427753,22.6866783727921,81.9475165733135,31.3819163466284
44.7143641344444,33.8682578944525,24.455827728458,76.9357742441568,31.585222138622
41.8618099943281,36.0500826932393,22.3188434772616,78.5015878003381,44.2658792930079
60.6140373281167,33.8987905843239,21.1344577421631,68.3596142096908,37.2681120932256
59.5998840667361,29.4755706673839,19.7951509016961,75.7710629810014,34.5220634604837
63.6535301153323,34.8045295253512,21.75797727655,77.3907447199286,34.8560864500272
62.9945785177699,29.9856993055577,20.2584620203286,67.2167164688127,39.2117743118434
56.5324131044374,32.5604908845747,19.8475760962194,87.0050646252066,41.2029499735997
50.9315789262135,26.7747188902388,23.4647846334726,79.1531282826908,35.9160071701692
57.0427799351478,30.6585737563648,25.4096417998945,73.2083583532286,35.7458248141948
48.475230883948,36.8929972666324,22.6667492889604,86.8168907571796,38.2831588469049
46.0144174270427,35.7187603956572,22.5277030207636,84.2959657570802,35.4709002648208
64.3145162216761,33.5710077866199,24.0161604280366,79.7502239751066,36.4615407348173
60.3992814614598,30.2264239833606,25.9796372963621,84.1410942536939,40.4190347972618
45.0368079916702,31.8893699611134,20.1350635109804,83.2924962548237,43.075246997932
57.2559659172257,32.1808759681007,19.7703323388958,84.1161591944581,43.5865973719568
62.4726643351852,35.6883926220583,18.8223503336239,81.0114955748306,34.0587941229636
57.2926108664593,32.4689380747037,23.6628007852872,79.15401128367,41.4718132905994
63.5642323952387,34.8015819736367,25.2389244211666,84.0377532698588,39.3221483038247
55.4945509494563,27.8329271206305,25.1106482155062,85.2325688048593,42.2146021303126
55.6398313832355,34.2062972571732,21.0575201804683,73.3014148381016,39.6983951648878
56.505481538001,31.7718116630332,21.5454248176117,77.5708181522175,40.0404719767678
38.3090371197609,31.5309829758165,23.9580686453921,72.7208262827513,37.3384856738517
49.5351593434621,34.3441283145929,22.3295994269795,80.5274083187537,39.6614805891754
60.0042859085258,33.0104828100281,19.8510901996538,66.9617791107954,40.1180629523891
58.0934495622584,30.9548760440381,21.5798515142717,87.7285969708575,40.0559752130712
54.7257446606914,29.1926368299997,22.6683281580766,68.6348497858428,47.5919055036758
63.0326277990617,38.0033897714394,23.3001028706258,77.9497097447016,36.4048266190449
59.5158887761874,31.3046293326154,24.611985706742,64.6336810277912,36.9862091753781
45.38413926215,35.3492250015494,19.2056557956847,88.4402435569635,42.6326398849247
49.2293891854214,35.8145150901402,23.7861504207247,84.349059136569,38.6951457955627
57.3046195761351,35.9957516774899,23.0167204388415,80.9575066466008,44.3141743106499
50.4949692417913,32.6826581189744,24.0098323186536,70.9552330663721,36.4326044999699
57.0000020534297,29.8724097176485,22.5915905606279,83.5224846025459,35.2439436009387
54.0169906902443,28.80147904991,22.6465710548291,84.2008345596088,38.2632373472786
52.8347823719711,32.5065449730265,24.7427204944617,80.5854766581143,42.5735135448588
52.8761581172783,31.5506832858954,24.4618631602645,86.0318130851962,50.1233134578142
55.7187174288202,32.0753418046212,18.7127193454937,71.3473147594121,35.9804373174922
43.9389354651443,26.3521380500277,21.2490178894976,95.815995865406,40.5464664300443
54.4938654865714,40.1190477459511,18.2465074383187,66.9916418831067,37.8586315105477
44.1621575047348,35.4788617979854,18.7890394632044,80.5471389705537,40.4087078736709
63.2175569446546,29.1714364279133,21.4407223150921,73.9732556041872,38.7852166244374
61.4828077846841,28.9427042419383,21.901756253079,77.4509565071802,44.9226551632721
55.3039508708861,35.4738162802933,21.960780708217,87.3926774143302,34.2270291842552
57.7382840453264,31.305889113321,22.6102947654657,71.3402628994754,36.4112044958801
51.532729049561,29.9587346564278,26.3510874381001,71.7472127457873,43.6649413579616
54.6945054380858,28.6996722500272,19.6460599288866,77.3400867199491,35.7154351600253
53.8955993908409,34.4308873370901,21.4594897164231,78.5143208006584,41.2904331417578
61.9258699990721,36.9057273118774,24.7920021961443,77.64093862047,35.378415131629
53.0083255523912,34.0471240043582,24.1512035863057,83.0415129746107,42.6889051302065
62.1950610043111,34.7991840820084,20.5275566407314,79.0533076304261,38.7986280431113
53.7128696019775,31.2932951540336,23.0682321363313,83.0538238174129,36.4379422963694
52.724571817923,32.0782297098365,21.9882377959241,75.8616946047785,32.5208755047272
63.8909985173039,34.9334785276042,20.8158403803255,70.803407043813,35.2542600376953
51.6095529333967,31.2864691605304,25.0035796997434,86.8840665744328,40.8927803752231
52.1142704068435,36.8287824263785,22.3644675702825,80.6565970881422,42.5327521200961
41.6401898938136,32.7327530950432,22.192879481214,74.4957103526944,39.4691740066964
59.1776810944841,32.1796870829338,20.5553313656821,89.6167214325725,44.1376784906065
43.0430903618666,34.8151957791674,24.4927793657486,75.1908086167685,38.8556066213242
54.5158563453481,37.5203972505392,22.7556065504531,76.6329278485274,36.4295283727073
70.6393961479808,30.0482559389454,21.3566158902232,89.2705086974542,46.0473474276916
55.7135930197935,34.0700172951492,23.1492247734619,85.3684676448074,49.0861438357827
63.9205824933455,29.7230479386649,19.3608255283675,89.1453381435167,35.320099122791
56.6524666103589,31.3097810654639,23.515512348597,73.6440758644322,41.7360236321775
60.5110159399115,29.1432765856143,23.1779689110849,79.1142274143734,33.5543074699688
57.029369546022,30.5687651251012,21.3150957333724,74.6308399804976,38.7951529437796
63.7816626866576,34.4062249274703,24.6963801648967,79.1466733405745,39.0939600794812
70.0646253557307,28.8235888565916,18.0797783304202,69.7630315721312,39.2680351020458
51.7341707290427,28.4965054779276,20.8693004224734,75.0254594761815,39.0304084100499
58.8316595696928,31.9888690361569,23.7706218023403,71.130788925792,37.5924514564998
52.641648159274,33.8221606137659,22.6342910403765,87.7120787339782,36.5071830283428
60.0225013838303,23.7601092933182,21.0842593471876,73.3339207170823,41.4107263794402
48.5829664539371,35.5164914066355,23.6789037497575,70.4872813357549,42.7927713705027
51.6132359149489,32.1521216940946,22.455169668675,67.5275463839136,45.3099050761192
59.8805995956804,29.954669593377,25.1261942957167,80.7713410357674,39.5269395099605
73.0309530926036,36.5515463360585,22.3787913912991,75.384717429746,37.0365509189777
60.5123665228038,32.4599079662857,24.4095635910188,79.2952506428293,40.4702361034784
46.4867322740062,30.3483317930207,21.2040246621462,73.6347654975322,45.7600986752427
34.0487622978465,33.6419578618074,19.4448164785584,68.7158354443992,38.3803233385001
54.4821848036155,32.5796284414357,22.5114590477808,76.2936199149054,37.0177085530924
52.8225390995646,34.965051142042,21.5648465499625,82.3307696721188,34.7467379199805
50.6342147862393,27.3145424061068,23.5743617617622,80.7658981446166,40.5800641293091
66.2415102139664,35.1985910683725,21.5585129722502,80.3150433923257,41.2744754797394
65.0599054763382,27.9486719969147,22.8917449157319,71.1383718162321,39.2939023434404
47.0584430168107,39.4044262250031,23.7142014803786,82.0930044218855,39.2544618522124
45.3165167157794,33.0539016594755,21.0793794382288,83.4906018010935,33.8836961843467
56.7629825105553,32.7268553429641,19.4447855253665,88.7967175854517,38.6008654147568
58.9347932704425,28.5176922762128,24.5307745750048,74.5220777002163,36.1673519258079
47.2813714511633,32.6765931484949,23.3086987710085,90.9545594919907,37.5141300066391
61.2771617581207,30.3784131368501,19.552502133962,78.5243675224176,40.3034531802807
46.3057496393752,36.3748999813278,22.2497726960216,74.5410570127839,37.934234054397
65.9032590863193,31.2964675927953,20.6336344861186,74.3411686579249,38.6838494182497
54.7163585836543,38.7675714805501,23.4652471844336,81.9936149287772,37.5387064484094
51.9426021909383,35.2344405191623,23.0133349567618,75.8034555007819,37.3819507411534
52.5536148594154,36.1431916355058,20.5202864595905,79.6082656282899,35.0047377542056
54.1603287623228,32.1276525195371,24.7212065382956,80.9582893549724,37.1613319066524
48.9798460599905,35.1087858409319,24.4148679937081,74.9438672375903,36.0765318961681
63.1535709499495,30.3118350054861,17.5865333889134,87.8478664751195,41.3374329229549
63.3531322358422,35.2036680881846,23.8090472295968,75.9213671139018,41.7614828076346
44.102503586435,32.6751387438396,19.9776714359223,88.6459937450027,43.9341536799501
56.1743084847507,33.1418913054037,21.0388606922257,76.5699889163928,44.1052512804083
62.7041603297276,35.5834550208192,26.5012135788619,76.9795677990615,34.7229982713062
56.7023100579516,23.4614094444732,22.2061696858519,74.4435603937675,30.6431052668924
54.2013003205689,38.2582835673864,20.8942135146053,73.946382007185,36.5738505965215
63.9367964065675,31.3855770969058,20.6455630728804,85.0118898770516,37.0608950655314
57.8852028067336,30.8007010875056,23.0926282025998,77.6413984528427,40.5224004459899
66.7377715318299,33.0583328489747,26.1019956790654,70.0483497592055,37.5126532912043
55.7057328988005,28.9090843103881,23.1462484628627,86.0477329701974,38.7757463083689
43.0027254000164,30.0822958667346,23.0062452859532,88.9819264911333,33.7342674659697
52.3359310777505,30.1755816967146,25.8368439418926,75.9786420810333,42.0687920434399
48.5964279415162,30.6422446778681,15.7547337505917,78.4374597197422,34.4271249041731
49.1055030026066,35.7456029996506,21.4351653777142,75.9897189157442,39.0254932506835
63.1218656821347,32.0244899050919,16.5497377121128,88.1203812670704,44.3708653235652
50.918364391928,32.5592046631929,21.1686832668013,71.245103902409,37.9823924265627
65.9748768936582,32.0241392538305,18.8261368977105,89.2939278866228,42.6352007510837
44.9328403282683,32.9024440944836,22.2744880177108,76.7803222851774,38.1735360744581
62.8044270669557,26.5369509665573,21.9560067533204,91.4769795418669,47.2686240893427
56.9292464560753,32.7177136126471,22.6591514057773,73.6078956982523,37.3331512270543
62.3873533403249,32.4738398222306,19.6317499386692,86.5680286335975,42.9583031045843
61.6698283402606,41.4277644427312,21.6997879639888,81.2257984717612,38.3456321396053
50.1898623510052,29.5026018517662,21.862573484275,87.6899887407301,38.0119495435696
63.694621844219,28.4545911301111,21.058441886516,75.9593430328525,35.9322128020272
44.1361030428106,33.6136701305949,21.4351517967486,85.2301612542198,36.5458178583241
52.4852282569105,31.7755005120539,25.427952584065,74.3367356196298,41.3007957051237
56.8081234863429,29.6335487935943,21.44791816926,89.8990041162758,39.4100450827917
50.8015505725594,23.8140696995988,20.8806514182223,82.0576451777695,37.7400180086501
52.1386734829455,29.8188601327107,24.9446310352846,67.3709490610585,40.4240606644866
66.4337261869681,35.0034877306506,21.4547367237218,72.8660736230463,41.4405721599745
54.8664891782979,28.65236880383,24.0275095305615,85.0427343969788,41.4656093289366
47.173820062682,28.1038261864769,21.2586525905669,73.6816455606987,36.5854951581978
54.4744368224589,35.5784261167249,21.1482740948527,82.9918165167264,35.3246478625371
57.8104026339482,33.8406831883601,21.6879611144454,93.9354555866935,37.3713657984633
44.159664404792,31.2341653550561,21.7563424024591,78.2463732629278,41.1695228628796
59.7155266178095,30.3282863414918,22.0031131909688,73.058509470765,33.1770588776873
44.4806667008598,36.1597026361137,20.6996754897056,86.9171021623768,37.6963952156462
46.7410060205002,35.6621829888352,19.8289889375945,77.8090191392403,46.8284439228459
55.2395759882937,26.2239022796751,24.5923903826231,77.183394303685,37.8086368913232
48.9739177443673,32.974301688794,22.1820495010853,79.3825294572196,38.3884905878459
49.9540765388186,36.2123988795253,19.4087186984557,73.0880381312169,39.5952398384392
61.5781239641889,31.7838090705878,22.7981215927094,77.8782840854675,35.6287746428046
68.1231392736679,32.7964406085762,22.1076870375082,87.5375849969704,33.1174254818831
54.2267576748846,32.1534211882065,21.5531588252336,86.4112902140524,43.2747115552874
60.0427204874618,25.3082981801813,24.1096850529043,86.3697641355567,41.911463856504
60.7445574529663,32.6461615682723,19.4245631194862,81.9488194210638,40.5674468267291
57.7275646822774,29.2944456086915,24.1919584515258,77.5553535426755,40.9387562584831
54.2475279634817,37.8727517605833,25.2961745983363,98.3012697648013,36.5874950280303
50.6382158084562,37.4505351512811,20.0962989736312,76.048449199414,42.0710887128606
59.0155246572184,42.1311263515311,19.2625170715399,71.311391425562,43.4867334910275
54.4087015634512,31.0071731307529,23.5423637611237,83.5613056853908,33.6461116451536
64.2458588118654,34.2871943448239,26.272106699463,84.4102011505699,40.2258637926007
63.8765395758813,29.8103812167886,22.4701670587737,82.7492204037489,44.0668654756899
54.3007525093075,38.7011574349252,20.5410255143514,88.4891125014535,37.797605470386
64.2888048510936,27.4161168265442,21.7531288693551,76.6353633649968,40.9293990211068
50.5914877665961,38.9795616813938,23.0059399143355,89.0775596874614,39.3496589361132
48.3492706070927,24.6212775587329,21.0890774179294,89.6761620213131,36.0557115820996
52.0641563937292,33.9904874955202,19.3564666664557,81.0332209401045,40.2383383142894
56.0485525443971,33.7636836072917,25.1664660756079,69.4336591030899,39.254267689206
50.4962268364854,32.8751070145273,22.5530270103538,82.357143392645,43.4825864011949
56.0522425493391,34.1659152082009,22.504930087385,82.0040983117042,38.699428974748
54.6855112402144,31.5455336927714,24.5927843475157,80.3723957182359,37.7275059310863
60.2256426757339,37.6489078467807,25.6465062475946,83.3618343101568,40.2806869993604
51.8028634482745,26.6365499499699,22.1529875712245,76.1495018400087,34.2885640935382
60.6652508128807,40.3411549192849,20.8089822567407,79.0584906205939,45.0240884955719
56.8372642033038,34.0647078854428,22.5466396808525,67.2459261868053,35.1587597093957
56.0220516640638,30.0070905043969,17.9967955968808,76.5255733545407,44.5025410697886
52.4208393142904,33.857843952635,20.5975491979807,79.583456284803,43.220330601512
63.5293321955269,31.7678313475754,19.1407962289958,82.093861790942,40.7552274317695
53.8743153677205,33.0930788089632,19.8071019505089,79.1540465385642,36.6178706413267
46.7971632041325,29.6998751600796,21.6494964051076,86.3286211645209,34.4247837740662
41.7143207415829,27.865138807352,21.6152234729616,83.5788220513089,41.2513296420157
57.545616420664,28.2470111805135,23.2050218903425,80.2682507166171,35.4853177460536
55.4126045585917,32.5242928634342,20.4100799073109,88.1874237905327,36.2954719850683
58.4911392951037,29.2321733953947,24.9844027313873,78.9044107900451,35.5649950406961
57.1530713705595,32.8551225107279,22.0425937832503,77.9226243468622,41.1876909486945
63.3565630397111,31.8226711946246,24.2815505471058,81.1946457415449,35.1229639047403
57.8613460263147,33.4415202225963,19.6131707290377,67.3786049295661,37.8553606114116
62.3212773386673,32.687952346415,24.7320871346578,69.659211064754,41.8457674079754
55.1250156465962,28.8943027403217,21.0527662954542,76.5358354865353,39.028196348334
58.0575844955087,31.440001082917,24.1630482316786,76.5349676528481,38.4582155408422
58.8345971091669,34.7624907797722,23.2432793699713,74.3670602744759,37.0463084081424
48.3419931186957,33.3836458490514,21.3533309090545,77.5075673480346,36.2360977421962
61.5327184665829,31.1558296892484,18.3212359710326,79.8308343221036,45.6149385543372
64.5419887662615,33.2604715573397,21.3653638160231,85.9698973139707,36.6951139687705
54.5965410406182,37.8056959796596,22.8583920812214,71.3342353408315,33.7525692891699
48.1724547017576,36.7673758943245,23.9736326062774,81.3596950368798,37.8267814490861
51.912620744811,32.0777046354525,20.0548564278131,73.6046897522698,43.3457019656177
47.8598682661616,27.7052341879519,24.0122407770456,77.8290908897562,42.7684885021804
61.0231837182727,32.6636247133903,24.1741456478948,86.1792020119082,42.8193861356843
63.695588728268,32.7005803447675,22.1587320313805,82.1913999668607,34.4979355530849
56.3931248665589,39.0553398484249,21.2286874931019,87.251086220667,38.8430219008552
49.8965576167851,29.0819003782464,25.1411538146865,61.846793498151,49.9439016385341
51.3774409297248,32.27412820759,19.5888238937369,73.2174623561567,38.0230193729371
50.3486794101627,23.0492777428485,20.422055998735,78.3677144126455,36.1480606463937
50.6971626431465,28.4048315745326,23.5090399906984,73.6906164427473,38.2441236420247
44.3394572494337,28.7960635980108,24.5723620697459,83.0231260646622,33.9876129005673
60.6734915099657,35.6967176098787,21.9288695703503,77.6441491133136,34.6589570745376
50.7263397066849,28.2246708319131,24.6388509015706,89.5922075465308,42.6539193422746
53.4624789296881,38.1985821708027,22.6526038224886,71.9400589512971,38.9870261021568
54.5671025944009,32.2846228185678,20.7583619676804,68.3316866926753,31.6732515695443
55.8663553159031,36.731530593873,21.9776738101563,87.4729568271918,36.0639123379197
56.6725219299971,29.6352161445496,21.5278005928079,79.0189871010417,46.821771203295
51.8839665892207,29.9610759908805,21.5262279891063,77.3742888493821,38.7748369685753
57.4973635067564,34.3558475935156,21.0845888853564,78.2045536857607,39.0578029568575
63.5727722664451,31.5353465350885,25.6825493390106,76.7434230128771,40.7543746539972
68.0328530970757,35.8599037887641,19.5615211218041,85.4583712989721,39.0786529331316
61.448204652985,33.1727781617036,20.5145117967938,69.5218469439085,39.2044428653763
57.2547649426185,32.5251406658837,24.1110603459886,89.6918230439609,30.3257489984568
62.2781415267791,31.500208054183,24.4814116654189,85.2783183469792,47.0215202262733
60.2544062170251,32.2605841553716,20.2540263287705,73.861929026783,41.8665688548662
55.0972726612123,39.9956257615845,21.2326378140676,75.5564994832509,36.5796646109081
56.8526608216561,33.1080327486789,22.7923333667258,75.7925729509242,45.3965890209905
48.8743768113791,31.6082223331934,20.4687210587451,83.5728448601762,37.2491623965853
70.9805972970645,29.9543461591353,21.0579307346904,69.9737808812886,34.6696247450144
51.2357900902674,34.8102340870847,22.4871774295538,80.301862745013,38.0691654097955
53.1634102687258,30.5999298923575,21.8361707800808,71.5122057859138,42.1474537035153
68.2187790121252,32.2961168682108,23.1776759152943,76.7612191329382,35.4552229898182
53.9254720612844,31.1059023523395,24.3869197414985,88.1118521713937,38.1746710497064
65.9921048194372,35.1894666042232,22.421081175131,67.7907389466778,48.3611166011198
64.4552911772749,34.4956139839979,22.1557402668766,77.6675412770989,42.9213589854761
51.6312228446334,31.069879663029,23.6754952764521,88.6000861727463,44.0356247890504
58.8087754869792,26.5795559551399,23.7481347111888,79.0303460329791,34.0040488987195
59.2127478159532,34.7791177753227,24.379389401406,75.8214650548923,45.7281681250273
61.0287840776025,36.0031860059908,21.8284308091605,86.3416567937854,37.5462846617547
51.8974564348696,31.3478997046082,21.2136207371431,86.5187896080038,37.4489185076692
62.7030842225457,38.698123668767,23.5235252611004,73.1467392823224,39.5956319386517
53.9782806923335,28.9505828490171,22.9356224915875,72.0668876499466,38.1779313004412
57.6909029218415,32.9671718442233,23.2095671839275,75.2439550798705,37.2474558467018
66.4148109621127,33.780439980768,22.8901008998522,65.9426626226208,33.9335215029849
46.2688448512733,28.3716949409718,21.5531907687075,83.5083939479765,39.1741210300848
57.4048617595411,32.7066006381722,20.7761471369191,83.4900837177595,40.4802235601794
53.7904030644749,27.7033908042174,22.8787156904708,74.4313768662291,41.1193565160787
49.5633873607624,29.0773613015567,21.9928036853171,78.8495497009164,36.1606116648312
64.3490259634713,36.0136008991423,23.2405118145347,77.5937615257761,38.7874864718108
51.379678450225,37.3118629664189,22.3715176256362,77.3255604520793,38.1560323701974
58.0544047521855,27.8751441333408,18.6107002283067,89.9506881883796,41.7304318749836
58.7316926644471,34.894006161166,21.3525170108709,82.173766095705,34.2711489889907
50.2668384843028,29.5109330097191,24.5420997126868,78.6697705505567,32.4480072162515
61.2648698233469,31.875071014736,20.4386002403461,88.1656582395029,40.7299171503822
38.4697033170157,31.1071091531721,19.9967249711654,73.8829686185039,41.3567370755661
66.0568358918296,37.5331387509218,21.2006027300636,77.8386318563538,35.8096915886325
59.2773764653477,36.3690949508576,22.443692758986,83.2980145574491,37.1115236212295
47.089417983699,32.4317881805812,23.0887046417455,74.3999654561086,37.0091104099321
57.9861946723762,29.7812452905987,22.5889128172969,90.2611792782237,35.7323434151513
54.4005156765132,33.0032931777345,18.5898914773994,85.1912349137979,35.9257374799287
60.3424448333189,30.334460176032,21.8564588621993,83.2228235429324,35.9018742181477
51.2528306362693,33.9293581835352,18.6922586948839,73.1279776882309,39.9273147005709
68.7012233607257,31.817452328647,19.7568843227996,81.6655398043063,35.7602906021231
64.4205428046581,32.1537153888075,22.646768480598,85.9918621853861,38.4276704490495
54.4321980806151,31.0998875679508,20.4509198296256,80.7155110540876,35.661403124139
61.1205788324704,34.4644239036,20.3349421883049,91.5831909367099,39.6050399655655
53.6958383674914,34.8056173389112,20.8277704800473,84.9761258940107,37.389675651446
53.4368577497572,31.9458868920645,19.5993011349408,87.0713405477809,42.526603510011
45.174718902752,32.4042592084295,21.3147457937869,78.4041502067663,39.527047319933
58.8895947211248,27.9277248213862,24.5893001339129,72.3627699822961,39.3654280908809
44.9330095019358,27.3744103108426,23.133453194815,78.3292201101017,35.7330468546509
62.2476759674029,29.6717725885142,21.0999485803675,74.0273149975294,39.7078804577894
63.3161199003198,29.9600988712721,23.8231211432609,87.8758729964293,37.2878173722513
56.396616150103,30.9528911608598,22.474959264022,75.5154950090769,39.8149072822964
67.4143864392507,33.9467999990205,21.0263846607484,79.8594164064211,38.871249074915
55.684916674802,29.2545118377398,26.9614370342401,70.686822942588,37.4961348146356
52.241690184215,23.100952412557,19.4807617421185,88.6113085002407,39.1861284145359
51.8706967714959,34.2120200177335,20.4801709693842,84.1562134123472,43.2347435545867
69.6601687711779,38.2199403795307,18.7353326899211,85.4933156160755,34.2769685869535
65.3801213827579,31.5769049238115,24.4878932599903,87.891415731785,35.8926691682335
63.9528635216455,31.0123865621831,23.0106038754465,62.6005443318008,38.7736452808715
60.0771968024804,36.1664216702006,21.3319521890169,82.793266254685,34.0634567476231
48.9087602441593,25.2602689168479,22.5039336464662,76.5554600315612,39.3281155016476
56.4489472513472,29.9440778801,17.8671898748177,73.8120891256298,37.0272923929943
44.7355494914111,32.0558944315533,19.131677731842,86.3503634328234,44.016960454183
53.2561863993721,34.3472297984019,20.7696075670843,71.1947798619345,37.7433847287363
49.5503874945982,31.5596541775947,21.3243904205543,75.4541487029399,38.5766155373413
47.0669495719318,27.7401433950902,22.5153705688398,76.0013615624471,37.9000661997491
52.3066607636284,35.4296073387748,24.7539444667854,87.8909467638099,36.2943562334446
50.3298186675739,32.8933263536668,27.1831749387062,74.2125478261216,40.8204379966653
65.3417391211389,31.5672427621576,22.9407785661021,78.8019460559045,38.3543110468994
57.8418654946071,26.4693638403548,25.1076437871087,83.6455641341968,38.4410949181383
70.4569302515513,37.0976683063111,21.5511568421037,79.4752347284804,42.0058156972873
55.6183001257846,34.2184682997475,22.2859751772538,78.4359275920236,41.3045939559607
64.5283366803314,31.7911155732995,26.0711078011759,71.2561809788037,43.3045869764546
61.6437975495188,30.5032435712558,23.7397635913958,82.1177686230404,36.2929496425295
65.0013385980948,35.0746537446038,22.9045448427149,84.0861697592121,37.3715214782545
53.6269692276179,29.7617118689628,20.2796237353234,84.1799396973592,42.0253456156867
57.6865052932871,31.8359963340752,19.7249465124334,74.3885364620897,40.9178033701811
58.2794401959078,33.1895727287469,23.9980936252668,82.8279009802337,35.2064127105095
69.1444287332969,31.2536245247274,21.0663857372077,70.574838234704,34.6907625198734
49.003688540909,29.1046770144519,19.6096906007994,80.9912615936432,36.3594044955687
61.6087291880447,35.2669778959043,23.1584367211689,69.6377611063755,41.1671745139892
54.8189090423395,28.0289894119631,23.4312077980685,81.3576761063638,43.2800971757411
67.5932996707395,29.7824010456774,20.7155976026094,82.1949956503818,38.0773227966184
64.8899224191359,38.2211444470158,26.1705599853397,73.6143205753994,37.6275911413172
51.3329394887674,35.1933557187583,24.2385041476244,74.8733238531371,37.1258728225621
63.4677026274156,32.5434703855387,24.7744513798953,80.6774939055844,42.60318388899
56.7244657601685,31.5784919835697,23.4750403936109,75.8597535648538,40.3081801382204
40.5310089250819,30.2545104325371,18.9621366383223,72.1449787181588,37.6520394876844
56.2446931053064,28.3439977100704,24.4417342586082,76.8979425086795,33.3021973234803
58.6922419380087,35.2965433196417,19.2712269867037,78.2919856438097,36.2640302734768
47.442160565067,32.2782385169637,22.5005081743603,83.4854755376984,36.0580952491911
49.3949457588507,29.9804268633718,19.0015436981269,87.225973040233,40.4532046981906
46.6977194809279,30.7551315914023,21.1024362888025,78.9258476673845,37.364583983218
52.1145761653508,26.6373446132218,22.6774318113419,79.4458569602409,36.0897070683335
61.9559215345503,29.7722649939226,21.2320978679775,85.155940980999,41.2215433126688
65.3821844026582,33.9480324120421,25.0668210065598,87.1129797657029,45.3645589916308
62.2991094999451,29.145197439021,25.9318516443395,75.7039020660399,34.0089391172286
50.2579906588041,33.5377733094501,17.0379717517188,68.1498778212758,37.0938602967463
57.0330019131289,29.3021930100372,21.2158038115464,74.0218978331802,34.8130870310929
69.6868057151747,36.7873129774468,24.3495178773089,82.0758064165503,37.8142158256907
57.3273808734635,32.5714760451009,17.9408460984932,76.1059593682596,32.9483732366312
55.1413309793412,40.7055532124666,17.5392695180375,78.7934121653511,36.3921750253904
55.6142560561416,36.1400618228303,22.9848598268536,73.6619219467149,36.4545560591922
50.5550275533714,31.6921518646167,22.0154380333836,77.4890671823117,46.4893337816468
34.6565389461452,30.1655627997888,20.7913578926704,80.9402225175592,32.1603674296424
55.9257966535711,39.5361822782371,24.4582330535054,75.4498143586267,39.606836274481
56.2364384629347,28.3596808679499,24.2933631321123,78.710697418699,41.0255201140132
50.4546355875525,39.2711527793283,21.8216947284368,76.7330783251555,36.9753096928383
62.7721456362888,28.095480915847,23.998365807514,83.0108310132943,35.9485216905306
46.1978657720496,28.4660278699951,23.4591111250719,84.5923758742509,31.2581274633027
46.00036123544,28.5238014381486,19.8139535568445,81.7431179497242,37.3130426825925
51.8626737563247,30.6037247865411,23.0200299794909,78.2622384573898,29.6754462538159
48.903896672193,33.9400997255367,21.826163298015,74.9768796827583,45.3422417043489
62.3711431849061,28.4029066443453,19.4003124910453,65.5541534013768,34.3450770713005
58.5765292714869,35.1701973341342,22.7787171890576,75.9129372479544,36.4726350739483
36.0715937075059,37.4235399019116,23.6474195669709,85.0598637863638,42.1981583309493
57.2414460385927,33.572088549544,24.2556445591122,72.9754927963537,33.8781788095403
56.3958094356979,25.4283492458403,21.0666920475379,82.6613816825135,38.8387070040681
43.8443402227659,28.6547491124921,20.6860220787696,83.7853046677791,36.3566440886676
50.7882557023948,31.8625081819445,21.210001811468,81.4049021934607,45.8841607269716
63.9512681846264,40.1384336905503,21.793547762702,79.8461572844225,38.3587823456253
58.5219256686737,34.7581778991844,24.9718087255642,89.986720391564,38.7855795451425
62.233450431618,34.0705210852782,21.4004414860172,71.1073154584936,41.4096775088932
62.160384397338,27.7817136597062,22.7687479421685,89.8732116754726,32.3744501984664
62.1315478018288,29.8938964565585,20.8060189814804,85.0681398396727,40.2873121739645
54.7437713800279,30.7792706695538,21.8322440581766,83.950466780763,33.3318524516027
44.1648085229631,33.972988473617,20.1095739879251,82.7431977124334,38.1475133202066
41.8325139259415,27.2948202774428,25.429671065685,74.7626768411412,41.661316766114
59.6434799016705,32.3218390451919,23.8048490940167,91.8765496626021,38.0723595062432
40.7670435555537,34.2645398752294,22.1731355475671,83.1618061495956,37.4423768364609
57.6276741961942,30.9339757641548,18.9262409266842,77.7734383702746,39.5035727749628
52.66729624032,32.4837638023526,21.4552904604239,89.094807022679,42.2500837418424
59.451664735254,32.7979854736893,22.9120679158161,78.1279676081017,39.3315682874494
60.8921079572415,31.0107028154941,20.9445865199135,71.4442913612141,41.0199460370969
45.1914008476937,33.4352617384199,19.2709304175171,90.2221815772864,32.5655705872443
62.7648079601393,31.6154510172813,23.7462834458289,81.8081044273077,40.6452642763866
53.8717777382208,31.1086824755568,21.6778250911374,86.410159163344,36.7139588503443
47.1471694338027,31.9766198549631,20.8245808768139,85.6695065710408,37.3471146203034
54.6224522276394,29.3348760366948,21.4627002564047,75.3963864072108,44.9514208276551
58.2553527465871,33.8731627179313,24.8525577268279,85.6746935821622,42.5071098079602
66.5727131128664,29.093100694726,19.6331472895582,75.3893610115173,34.3545840316294
